{
  "comforts:sleeping_bag_light_gray": {
    "criteria": {
      "has_the_recipe": "2023-10-22 23:20:30 +0800"
    },
    "done": true
  },
  "incendium:technical/on_block": {
    "criteria": {
      "log_spam_fixer": "2023-10-23 11:21:18 +0800"
    },
    "done": false
  },
  "comforts:hammock_white": {
    "criteria": {
      "has_the_recipe": "2023-10-22 23:20:30 +0800"
    },
    "done": true
  },
  "comforts:hammock_cyan_from_white": {
    "criteria": {
      "has_the_recipe": "2023-10-22 23:20:30 +0800"
    },
    "done": true
  },
  "comforts:hammock_black": {
    "criteria": {
      "has_the_recipe": "2023-10-22 23:20:30 +0800"
    },
    "done": true
  },
  "comforts:sleeping_bag_light_blue": {
    "criteria": {
      "has_the_recipe": "2023-10-22 23:20:30 +0800"
    },
    "done": true
  },
  "comforts:sleeping_bag_green_from_white": {
    "criteria": {
      "has_the_recipe": "2023-10-22 23:20:30 +0800"
    },
    "done": true
  },
  "comforts:sleeping_bag_lime": {
    "criteria": {
      "has_the_recipe": "2023-10-22 23:20:30 +0800"
    },
    "done": true
  },
  "obscure_api:recipes/obscure_book": {
    "criteria": {
      "has_item": "2023-10-22 23:21:16 +0800"
    },
    "done": true
  },
  "comforts:sleeping_bag_lime_from_white": {
    "criteria": {
      "has_the_recipe": "2023-10-22 23:20:30 +0800"
    },
    "done": true
  },
  "comforts:sleeping_bag_black_from_white": {
    "criteria": {
      "has_the_recipe": "2023-10-22 23:20:30 +0800"
    },
    "done": true
  },
  "majruszsdifficulty:progressive_difficulty/bleeding_inflicted": {
    "criteria": {
      "bleeding_applied": "2023-10-22 23:27:14 +0800"
    },
    "done": true
  },
  "undead_revamp2:theundeadchallenges": {
    "criteria": {
      "theundeadchallenges": "2023-10-22 23:20:31 +0800"
    },
    "done": true
  },
  "comforts:hammock_light_blue_from_white": {
    "criteria": {
      "has_the_recipe": "2023-10-22 23:20:30 +0800"
    },
    "done": true
  },
  "aquamirae:adventure/root": {
    "criteria": {
      "crafting_table": "2023-10-22 23:21:16 +0800"
    },
    "done": true
  },
  "comforts:sleeping_bag_black": {
    "criteria": {
      "has_the_recipe": "2023-10-22 23:20:30 +0800"
    },
    "done": true
  },
  "incendium:technical/inventory/sentrys_wrath": {
    "criteria": {
      "log_spam_fixer": "2023-10-23 11:21:18 +0800"
    },
    "done": false
  },
  "comforts:hammock_red_from_white": {
    "criteria": {
      "has_the_recipe": "2023-10-22 23:20:30 +0800"
    },
    "done": true
  },
  "comforts:hammock_yellow": {
    "criteria": {
      "has_the_recipe": "2023-10-22 23:20:30 +0800"
    },
    "done": true
  },
  "mowziesmobs:root": {
    "criteria": {
      "custom_test_name": "2023-10-22 23:20:31 +0800"
    },
    "done": true
  },
  "comforts:hammock_cyan": {
    "criteria": {
      "has_the_recipe": "2023-10-22 23:20:30 +0800"
    },
    "done": true
  },
  "morevillagers:first_trade": {
    "criteria": {
      "villagertrade": "2023-10-22 23:37:49 +0800"
    },
    "done": true
  },
  "comforts:sleeping_bag_purple": {
    "criteria": {
      "has_the_recipe": "2023-10-22 23:20:30 +0800"
    },
    "done": true
  },
  "lootr:1chest": {
    "criteria": {
      "opened_chest": "2023-10-22 23:37:00 +0800"
    },
    "done": true
  },
  "comforts:hammock_pink_from_white": {
    "criteria": {
      "has_the_recipe": "2023-10-22 23:20:30 +0800"
    },
    "done": true
  },
  "minecraft:story/deflect_arrow": {
    "criteria": {
      "deflected_projectile": "2023-10-23 11:06:42 +0800"
    },
    "done": true
  },
  "ba_bt:battletowers/battle_tower": {
    "criteria": {
      "crafting_table": "2023-10-22 23:21:16 +0800"
    },
    "done": true
  },
  "apotheosis:affix/root": {
    "criteria": {
      "sword": "2023-10-22 23:36:19 +0800"
    },
    "done": true
  },
  "comforts:sleeping_bag_purple_from_white": {
    "criteria": {
      "has_the_recipe": "2023-10-22 23:20:30 +0800"
    },
    "done": true
  },
  "comforts:sleeping_bag_yellow": {
    "criteria": {
      "has_the_recipe": "2023-10-22 23:20:30 +0800"
    },
    "done": true
  },
  "cataclysm:root": {
    "criteria": {
      "custom_test_name": "2023-10-22 23:20:31 +0800"
    },
    "done": true
  },
  "comforts:hammock_light_gray": {
    "criteria": {
      "has_the_recipe": "2023-10-22 23:20:30 +0800"
    },
    "done": true
  },
  "mutantmonsters:root": {
    "criteria": {
      "killed_something": "2023-10-22 23:24:11 +0800"
    },
    "done": true
  },
  "comforts:hammock_purple": {
    "criteria": {
      "has_the_recipe": "2023-10-22 23:20:30 +0800"
    },
    "done": true
  },
  "minecraft:husbandry/balanced_diet": {
    "criteria": {
      "baked_potato": "2023-10-23 09:56:51 +0800",
      "apple": "2023-10-23 11:21:16 +0800",
      "potato": "2023-10-23 00:16:48 +0800",
      "bread": "2023-10-22 23:24:23 +0800",
      "rotten_flesh": "2023-10-22 23:53:12 +0800",
      "carrot": "2023-10-23 11:06:25 +0800"
    },
    "done": false
  },
  "comforts:sleeping_bag_orange_from_white": {
    "criteria": {
      "has_the_recipe": "2023-10-22 23:20:30 +0800"
    },
    "done": true
  },
  "comforts:hammock_yellow_from_white": {
    "criteria": {
      "has_the_recipe": "2023-10-22 23:20:30 +0800"
    },
    "done": true
  },
  "comforts:sleeping_bag_blue_from_white": {
    "criteria": {
      "has_the_recipe": "2023-10-22 23:20:30 +0800"
    },
    "done": true
  },
  "apotheosis:affix/gem": {
    "criteria": {
      "gem": "2023-10-22 23:36:53 +0800"
    },
    "done": true
  },
  "comforts:sleeping_bag_green": {
    "criteria": {
      "has_the_recipe": "2023-10-22 23:20:30 +0800"
    },
    "done": true
  },
  "comforts:hammock_lime": {
    "criteria": {
      "has_the_recipe": "2023-10-22 23:20:30 +0800"
    },
    "done": true
  },
  "comforts:sleeping_bag_brown_from_white": {
    "criteria": {
      "has_the_recipe": "2023-10-22 23:20:30 +0800"
    },
    "done": true
  },
  "minecraft:story/iron_tools": {
    "criteria": {
      "iron_pickaxe": "2023-10-23 00:08:00 +0800"
    },
    "done": true
  },
  "comforts:sleeping_bag_white": {
    "criteria": {
      "has_the_recipe": "2023-10-22 23:20:30 +0800"
    },
    "done": true
  },
  "comforts:sleeping_bag_pink": {
    "criteria": {
      "has_the_recipe": "2023-10-22 23:20:30 +0800"
    },
    "done": true
  },
  "comforts:hammock_light_gray_from_white": {
    "criteria": {
      "has_the_recipe": "2023-10-22 23:20:30 +0800"
    },
    "done": true
  },
  "goblinsanddungeons:goblinsanddungeons/root": {
    "criteria": {
      "tick": "2023-10-22 23:20:31 +0800"
    },
    "done": true
  },
  "comforts:sleeping_bag_gray": {
    "criteria": {
      "has_the_recipe": "2023-10-22 23:20:30 +0800"
    },
    "done": true
  },
  "comforts:sleeping_bag_brown": {
    "criteria": {
      "has_the_recipe": "2023-10-22 23:20:30 +0800"
    },
    "done": true
  },
  "comforts:sleeping_bag_light_blue_from_white": {
    "criteria": {
      "has_the_recipe": "2023-10-22 23:20:30 +0800"
    },
    "done": true
  },
  "minecraft:story/root": {
    "criteria": {
      "crafting_table": "2023-10-22 23:21:16 +0800"
    },
    "done": true
  },
  "comforts:hammock_light_blue": {
    "criteria": {
      "has_the_recipe": "2023-10-22 23:20:30 +0800"
    },
    "done": true
  },
  "incendium:technical/using/shield": {
    "criteria": {
      "log_spam_fixer": "2023-10-22 23:20:31 +0800"
    },
    "done": false
  },
  "comforts:rope_and_nail": {
    "criteria": {
      "has_the_recipe": "2023-10-22 23:20:30 +0800"
    },
    "done": true
  },
  "comforts:hammock_magenta": {
    "criteria": {
      "has_the_recipe": "2023-10-22 23:20:30 +0800"
    },
    "done": true
  },
  "idas:idas_root": {
    "criteria": {
      "always": "2023-10-22 23:20:31 +0800"
    },
    "done": true
  },
  "betterdungeons:root": {
    "criteria": {
      "always": "2023-10-22 23:20:31 +0800"
    },
    "done": true
  },
  "pfm:grant_book_on_first_join": {
    "criteria": {
      "tick": "2023-10-22 23:20:31 +0800"
    },
    "done": true
  },
  "comforts:sleeping_bag_red": {
    "criteria": {
      "has_the_recipe": "2023-10-22 23:20:30 +0800"
    },
    "done": true
  },
  "incendium:technical/using/trailblazer": {
    "criteria": {
      "log_spam_fixer": "2023-10-22 23:20:31 +0800"
    },
    "done": false
  },
  "comforts:sleeping_bag_red_from_white": {
    "criteria": {
      "has_the_recipe": "2023-10-22 23:20:30 +0800"
    },
    "done": true
  },
  "lootr:root": {
    "criteria": {
      "always_true": "2023-10-22 23:20:31 +0800"
    },
    "done": true
  },
  "minecraft:adventure/kill_a_mob": {
    "criteria": {
      "minecraft:zombie_villager": "2023-10-22 23:31:13 +0800"
    },
    "done": true
  },
  "dungeons_arise:find_illager_windmill": {
    "criteria": {
      "location0": "2023-10-22 23:32:32 +0800"
    },
    "done": true
  },
  "incendium:technical/scroll_of_returning": {
    "criteria": {
      "log_spam_fixer": "2023-10-22 23:20:31 +0800"
    },
    "done": false
  },
  "apotheosis:affix/common": {
    "criteria": {
      "sword": "2023-10-22 23:36:19 +0800"
    },
    "done": true
  },
  "incendium:technical/multiplex_crossbow": {
    "criteria": {
      "log_spam_fixer": "2023-10-23 11:21:18 +0800"
    },
    "done": false
  },
  "comforts:sleeping_bag_magenta_from_white": {
    "criteria": {
      "has_the_recipe": "2023-10-22 23:20:30 +0800"
    },
    "done": true
  },
  "comforts:hammock_magenta_from_white": {
    "criteria": {
      "has_the_recipe": "2023-10-22 23:20:30 +0800"
    },
    "done": true
  },
  "comforts:sleeping_bag_blue": {
    "criteria": {
      "has_the_recipe": "2023-10-22 23:20:30 +0800"
    },
    "done": true
  },
  "comforts:hammock_brown_from_white": {
    "criteria": {
      "has_the_recipe": "2023-10-22 23:20:30 +0800"
    },
    "done": true
  },
  "minecraft:story/mine_stone": {
    "criteria": {
      "get_stone": "2023-10-22 23:22:10 +0800"
    },
    "done": true
  },
  "majruszsdifficulty:progressive_difficulty/normal_mode": {
    "criteria": {
      "game_state": "2023-10-22 23:20:30 +0800"
    },
    "done": true
  },
  "incendium:technical/firestorm": {
    "criteria": {
      "log_spam_fixer": "2023-10-23 11:21:18 +0800"
    },
    "done": false
  },
  "morevillagers:root": {
    "criteria": {
      "always": "2023-10-22 23:20:31 +0800"
    },
    "done": true
  },
  "minecraft:adventure/adventuring_time": {
    "criteria": {
      "minecraft:river": "2023-10-22 23:25:14 +0800",
      "minecraft:forest": "2023-10-22 23:20:31 +0800",
      "minecraft:meadow": "2023-10-22 23:26:08 +0800",
      "minecraft:plains": "2023-10-22 23:25:38 +0800"
    },
    "done": false
  },
  "comforts:hammock_blue_from_white": {
    "criteria": {
      "has_the_recipe": "2023-10-22 23:20:30 +0800"
    },
    "done": true
  },
  "minecraft:adventure/sleep_in_bed": {
    "criteria": {
      "slept_in_bed": "2023-10-22 23:29:47 +0800"
    },
    "done": true
  },
  "blue_skies:get_moonstone_shard": {
    "criteria": {
      "obtain_moonstone_shard": "2023-10-22 23:37:25 +0800"
    },
    "done": true
  },
  "comforts:sleeping_bag_gray_from_white": {
    "criteria": {
      "has_the_recipe": "2023-10-22 23:20:30 +0800"
    },
    "done": true
  },
  "incendium:technical/using/ragnarok": {
    "criteria": {
      "log_spam_fixer": "2023-10-22 23:20:31 +0800"
    },
    "done": false
  },
  "comforts:sleeping_bag_orange": {
    "criteria": {
      "has_the_recipe": "2023-10-22 23:20:30 +0800"
    },
    "done": true
  },
  "minecraft:husbandry/root": {
    "criteria": {
      "consumed_item": "2023-10-22 23:24:23 +0800"
    },
    "done": true
  },
  "comforts:sleeping_bag_cyan": {
    "criteria": {
      "has_the_recipe": "2023-10-22 23:20:30 +0800"
    },
    "done": true
  },
  "apotheosis:affix/chests": {
    "criteria": {
      "sword": "2023-10-22 23:36:19 +0800"
    },
    "done": true
  },
  "incendium:technical/new_player": {
    "criteria": {
      "requirement": "2023-10-22 23:20:31 +0800"
    },
    "done": true
  },
  "comforts:hammock_purple_from_white": {
    "criteria": {
      "has_the_recipe": "2023-10-22 23:20:30 +0800"
    },
    "done": true
  },
  "incendium:technical/holy_wrath": {
    "criteria": {
      "log_spam_fixer": "2023-10-23 11:21:18 +0800"
    },
    "done": false
  },
  "incendium:technical/inventory/firestorm": {
    "criteria": {
      "log_spam_fixer": "2023-10-23 11:21:18 +0800"
    },
    "done": false
  },
  "minecraft:adventure/root": {
    "criteria": {
      "killed_something": "2023-10-22 23:24:11 +0800"
    },
    "done": true
  },
  "apotheosis:affix/random": {
    "criteria": {
      "sword": "2023-10-23 11:14:16 +0800"
    },
    "done": true
  },
  "comforts:sleeping_bag_pink_from_white": {
    "criteria": {
      "has_the_recipe": "2023-10-22 23:20:30 +0800"
    },
    "done": true
  },
  "minecraft:adventure/shoot_arrow": {
    "criteria": {
      "shot_arrow": "2023-10-23 10:49:25 +0800"
    },
    "done": true
  },
  "comforts:hammock_red": {
    "criteria": {
      "has_the_recipe": "2023-10-22 23:20:30 +0800"
    },
    "done": true
  },
  "lootr:social": {
    "criteria": {
      "opened_barrel": "2023-10-22 23:36:17 +0800",
      "opened_chest": "2023-10-22 23:37:00 +0800"
    },
    "done": false
  },
  "farmersdelight:main/root": {
    "criteria": {
      "seeds": "2023-10-22 23:20:21 +0800"
    },
    "done": true
  },
  "comforts:hammock_black_from_white": {
    "criteria": {
      "has_the_recipe": "2023-10-22 23:20:30 +0800"
    },
    "done": true
  },
  "comforts:sleeping_bag_yellow_from_white": {
    "criteria": {
      "has_the_recipe": "2023-10-22 23:20:30 +0800"
    },
    "done": true
  },
  "incendium:technical/on_kill": {
    "criteria": {
      "log_spam_fixer": "2023-10-23 11:21:18 +0800"
    },
    "done": false
  },
  "comforts:hammock_gray_from_white": {
    "criteria": {
      "has_the_recipe": "2023-10-22 23:20:30 +0800"
    },
    "done": true
  },
  "incendium:technical/on_player_hurt": {
    "criteria": {
      "log_spam_fixer": "2023-10-23 11:21:18 +0800"
    },
    "done": false
  },
  "minecraft:adventure/kill_all_mobs": {
    "criteria": {
      "minecraft:pillager": "2023-10-23 11:07:01 +0800",
      "minecraft:skeleton": "2023-10-22 23:42:27 +0800",
      "minecraft:spider": "2023-10-23 11:19:03 +0800",
      "minecraft:silverfish": "2023-10-23 11:16:51 +0800",
      "minecraft:zombie": "2023-10-23 09:56:27 +0800",
      "minecraft:zombie_villager": "2023-10-22 23:31:13 +0800"
    },
    "done": false
  },
  "incendium:technical/sentrys_wrath": {
    "criteria": {
      "log_spam_fixer": "2023-10-23 11:21:18 +0800"
    },
    "done": false
  },
  "dungeons_arise:wda_root": {
    "criteria": {
      "WDA": "2023-10-22 23:20:31 +0800"
    },
    "done": true
  },
  "minecraft:adventure/trade": {
    "criteria": {
      "traded": "2023-10-22 23:37:49 +0800"
    },
    "done": true
  },
  "comforts:hammock_green_from_white": {
    "criteria": {
      "has_the_recipe": "2023-10-22 23:20:30 +0800"
    },
    "done": true
  },
  "comforts:hammock_orange": {
    "criteria": {
      "has_the_recipe": "2023-10-22 23:20:30 +0800"
    },
    "done": true
  },
  "comforts:hammock_lime_from_white": {
    "criteria": {
      "has_the_recipe": "2023-10-22 23:20:30 +0800"
    },
    "done": true
  },
  "comforts:hammock_pink": {
    "criteria": {
      "has_the_recipe": "2023-10-22 23:20:30 +0800"
    },
    "done": true
  },
  "comforts:hammock_orange_from_white": {
    "criteria": {
      "has_the_recipe": "2023-10-22 23:20:30 +0800"
    },
    "done": true
  },
  "comforts:sleeping_bag_magenta": {
    "criteria": {
      "has_the_recipe": "2023-10-22 23:20:30 +0800"
    },
    "done": true
  },
  "comforts:sleeping_bag_cyan_from_white": {
    "criteria": {
      "has_the_recipe": "2023-10-22 23:20:30 +0800"
    },
    "done": true
  },
  "comforts:sleeping_bag_light_gray_from_white": {
    "criteria": {
      "has_the_recipe": "2023-10-22 23:20:30 +0800"
    },
    "done": true
  },
  "create:root": {
    "criteria": {
      "0": "2023-10-22 23:20:21 +0800"
    },
    "done": true
  },
  "comforts:hammock_brown": {
    "criteria": {
      "has_the_recipe": "2023-10-22 23:20:30 +0800"
    },
    "done": true
  },
  "minecraft:story/upgrade_tools": {
    "criteria": {
      "stone_pickaxe": "2023-10-22 23:23:23 +0800"
    },
    "done": true
  },
  "comforts:hammock_blue": {
    "criteria": {
      "has_the_recipe": "2023-10-22 23:20:30 +0800"
    },
    "done": true
  },
  "comforts:hammock_green": {
    "criteria": {
      "has_the_recipe": "2023-10-22 23:20:30 +0800"
    },
    "done": true
  },
  "paraglider:root": {
    "criteria": {
      "crafting_table": "2023-10-22 23:21:16 +0800"
    },
    "done": true
  },
  "comforts:hammock_gray": {
    "criteria": {
      "has_the_recipe": "2023-10-22 23:20:30 +0800"
    },
    "done": true
  },
  "meetyourfight:main/root": {
    "criteria": {
      "killed_something": "2023-10-22 23:24:11 +0800"
    },
    "done": true
  },
  "immersive_weathering:immersive_weathering/dirts": {
    "criteria": {
      "dirt": "2023-10-22 23:22:02 +0800"
    },
    "done": false
  },
  "majruszsdifficulty:progressive_difficulty/bleeding": {
    "criteria": {
      "bleeding_applied": "2023-10-22 23:24:11 +0800"
    },
    "done": true
  },
  "lootr:1barrel": {
    "criteria": {
      "opened_barrel": "2023-10-22 23:36:17 +0800"
    },
    "done": true
  },
  "incendium:technical/on_inventory_change": {
    "criteria": {
      "log_spam_fixer": "2023-10-23 11:21:18 +0800"
    },
    "done": false
  },
  "DataVersion": 2975
}