{"stats":{"minecraft:mined":{"quark:dark_oak_bookshelf":3,"create:deepslate_zinc_ore":15,"minecraft:potted_cactus":1,"minecraft:grass_block":8,"minecraft:light_gray_bed":1,"minecraft:coal_block":3,"minecraft:oxeye_daisy":1,"goblinsanddungeons:urn":4,"ars_nouveau:arcane_core":1,"comforts:sleeping_bag_white":19,"minecraft:iron_ore":68,"minecraft:pumpkin":1,"minecraft:fletching_table":1,"minecraft:deepslate_lapis_ore":8,"minecraft:pointed_dripstone":8,"ars_nouveau:enchanting_apparatus":1,"create:limestone":11,"immersive_weathering:oak_leaf_pile":34,"quark:violet_corundum":3,"minecraft:deepslate_redstone_ore":4,"immersive_weathering:quark/pink_blossom_leaf_pile":3,"immersive_weathering:quark/yellow_blossom_leaf_pile":60,"minecraft:torch":4,"minecraft:calcite":22,"minecraft:cobblestone":13,"minecraft:sugar_cane":4,"minecraft:oak_planks":28,"minecraft:wall_torch":7,"minecraft:deepslate_copper_ore":1,"ars_nouveau:archwood_planks":2,"minecraft:yellow_wool":4,"minecraft:wheat":37,"minecraft:tnt":2,"minecraft:grass":33,"quark:birch_chest":2,"minecraft:oak_log":1,"minecraft:sand":19,"minecraft:dirt":6,"minecraft:oak_leaves":17,"minecraft:deepslate":338,"supplementaries:clock_block":1,"minecraft:infested_deepslate":1,"create:zinc_ore":10,"minecraft:tuff":42,"minecraft:deepslate_diamond_ore":6,"immersive_weathering:birch_leaf_pile":11,"minecraft:ladder":1,"minecraft:redstone_wire":11,"quark:orange_corundum_cluster":4,"minecraft:hay_block":30,"untamedwilds:flora_yarrow":2,"ars_nouveau:magebloom_crop":2,"minecraft:redstone_ore":2,"quark:orange_corundum":8,"minecraft:andesite":6,"treechop:chopped_log":11,"ars_nouveau:agronomic_sourcelink":1,"minecraft:deepslate_iron_ore":43,"minecraft:lantern":1,"immersive_weathering:ivy":1,"minecraft:stone":556,"minecraft:white_wool":4,"quark:oak_chest":3,"immersive_weathering:ars_nouveau/blue_archwood_leaf_pile":67,"minecraft:dandelion":15,"minecraft:oak_fence":8,"goblinsanddungeons:scoria":9,"minecraft:crafting_table":5,"untamedwilds:flora_bush_temperate":1,"supplementaries:sack":1,"minecraft:tall_grass":7,"minecraft:copper_ore":6,"ars_nouveau:source_jar":1,"minecraft:deepslate_coal_ore":3,"minecraft:lapis_ore":5,"minecraft:deepslate_gold_ore":5,"minecraft:birch_planks":2,"ars_nouveau:arcane_pedestal":14,"minecraft:coal_ore":29,"minecraft:gravel":1,"minecraft:dripstone_block":5,"minecraft:cobweb":3,"minecraft:polished_andesite":2,"minecraft:stone_bricks":5,"ars_nouveau:imbuement_chamber":5,"minecraft:mossy_stone_bricks":3,"minecraft:infested_stone":2},"minecraft:dropped":{"minecraft:glass_bottle":2,"quark:violet_corundum":3,"quark:violet_corundum_cluster":6,"minecraft:stone_button":1,"minecraft:wooden_sword":4,"minecraft:bone":1,"magistuarmory:rustedchainmail_leggings":1,"quark:yellow_blossom_sapling":15,"minecraft:cobbled_deepslate":14,"minecraft:wheat":2,"minecraft:birch_sapling":5,"minecraft:rotten_flesh":76,"minecraft:azure_bluet":1,"minecraft:carrot":1,"comforts:sleeping_bag_yellow":1,"minecraft:poppy":1,"minecraft:rabbit_hide":1,"minecraft:beetroot_seeds":1,"quark:orange_corundum":8,"minecraft:wheat_seeds":198,"untamedwilds:flora_yarrow":1,"quark:orange_corundum_cluster":20,"minecraft:iron_helmet":1,"minecraft:acacia_log":1,"minecraft:polished_andesite":3,"dannys_expansion:gel":31,"minecraft:redstone":2,"epicfight:iron_spear":1,"hexerei:animal_fat":1,"minecraft:raw_copper":1,"untamedwilds:flora_bush_temperate":1,"minecraft:shield":2,"minecraft:andesite":10,"minecraft:oak_sapling":9,"minecraft:bow":2},"minecraft:used":{"minecraft:ladder":5,"ars_nouveau:magebloom_crop":4,"minecraft:shield":102,"minecraft:iron_sword":260,"minecraft:rotten_flesh":10,"minecraft:carrot":2,"minecraft:tuff":3,"minecraft:birch_sapling":5,"minecraft:stone_bricks":1,"minecraft:item_frame":2,"minecraft:bow":33,"minecraft:hay_block":1,"minecraft:furnace":1,"minecraft:beetroot_seeds":3,"untamedwilds:flora_yarrow":1,"epicfight:skillbook":1,"minecraft:mossy_stone_bricks":3,"minecraft:oak_planks":112,"minecraft:stone_pickaxe":828,"minecraft:wooden_pickaxe":108,"ars_nouveau:agronomic_sourcelink":2,"ars_nouveau:archwood_planks":2,"quark:blossom_boat":1,"waystones:waystone":1,"ars_nouveau:enchanting_apparatus":2,"minecraft:bread":89,"supplementaries:clock_block":1,"minecraft:wooden_sword":60,"minecraft:oak_boat":2,"minecraft:bone_meal":5,"minecraft:oak_fence":8,"quark:birch_chest":6,"minecraft:stone_sword":125,"ars_nouveau:arcane_core":2,"minecraft:stone_shovel":30,"minecraft:redstone":1,"minecraft:torch":119,"minecraft:dirt":8,"minecraft:wheat":16,"minecraft:wooden_axe":113,"untamedwilds:food_bear_cooked":5,"ars_nouveau:imbuement_chamber":6,"comforts:sleeping_bag_white":45,"minecraft:cooked_beef":12,"minecraft:cobbled_deepslate":1,"minecraft:light_gray_bed":1,"minecraft:calcite":13,"minecraft:cooked_mutton":3,"minecraft:wheat_seeds":74,"farmersdelight:iron_knife":9,"supplementaries:sack":1,"epicfight:iron_spear":242,"minecraft:fletching_table":1,"untamedwilds:flora_common_reed":5,"minecraft:tnt":2,"minecraft:crafting_table":14,"minecraft:flower_pot":1,"minecraft:wooden_hoe":1,"minecraft:apple":5,"minecraft:oxeye_daisy":1,"ars_nouveau:source_jar":2,"minecraft:iron_pickaxe":373,"ars_nouveau:arcane_pedestal":22,"minecraft:leather_helmet":1,"minecraft:stone_axe":102,"minecraft:cobblestone":131,"minecraft:pumpkin_pie":3,"quark:oak_chest":5,"ars_nouveau:scribes_table":1},"minecraft:crafted":{"epicfight:iron_spear":1,"minecraft:stone":149,"minecraft:cooked_mutton":1,"minecraft:glass":17,"ars_nouveau:enchanting_apparatus":1,"ars_nouveau:dull_trinket":1,"minecraft:cooked_porkchop":6,"sophisticatedbackpacks:backpack":1,"ars_nouveau:arcane_core":1,"minecraft:crafting_table":1,"farmersdelight:iron_knife":1,"minecraft:wooden_pickaxe":1,"ars_nouveau:source_jar":1,"minecraft:charcoal":9,"minecraft:shield":1,"minecraft:stick":12,"quark:oak_chest":2,"minecraft:iron_ingot":72,"minecraft:gold_ingot":5,"ars_nouveau:scribes_table":1,"ars_nouveau:arcane_pedestal":3,"comforts:sleeping_bag_white":1,"minecraft:iron_axe":1,"minecraft:ladder":4,"minecraft:stone_pickaxe":1,"ars_nouveau:arcane_stone":40,"ars_nouveau:agronomic_sourcelink":1,"minecraft:cooked_beef":8,"paraglider:paraglider":1,"ars_nouveau:imbuement_chamber":1,"minecraft:air":1009,"minecraft:oak_boat":1,"minecraft:wooden_axe":1,"ars_nouveau:mundane_belt":1},"minecraft:killed":{"alexsmobs:hummingbird":1,"minecraft:witch":2,"minecraft:skeleton":4,"hunterillager:hunterillager":2,"lilwings:red_applefly_butterfly":1,"restored_earth:viler_witch":2,"minecraft:silverfish":8,"minecraft:illusioner":1,"minecraft:pig":2,"dannys_expansion:floam":2,"minecraft:zombie_villager":18,"minecraft:sheep":2,"minecraft:trader_llama":1,"minecraft:pillager":10,"minecraft:zombie":4,"minecraft:cow":8,"bloodandmadness:cloaked_beast_patient":2,"alexsmobs:raccoon":2,"minecraft:vindicator":2,"dannys_expansion:mundane_slime":43,"simple_mobs:vampire":1,"habitat:passerine":2,"ars_nouveau:summon_wolf":4,"goblintraders:goblin_trader":1,"restored_earth:bouldering_zombie":12,"restored_earth:lobber_zombie":6,"minecraft:rabbit":1,"dannys_expansion:ghoul":6,"hexerei:crow":2,"ars_nouveau:wilden_stalker":2,"simple_mobs:skeleton_demon":1,"alexsmobs:crow":3,"ars_nouveau:wilden_hunter":3},"minecraft:custom":{"lootr:looted_stat":33,"minecraft:animals_bred":13,"minecraft:interact_with_crafting_table":104,"minecraft:open_barrel":78,"minecraft:leave_game":11,"minecraft:time_since_death":74457,"champions:champion_mobs_killed":127,"minecraft:sprint_one_cm":1040076,"minecraft:damage_blocked_by_shield":6185,"minecraft:drop":73,"minecraft:talked_to_villager":3,"minecraft:play_time":658101,"minecraft:deaths":15,"minecraft:jump":6457,"minecraft:interact_with_brewingstand":2,"minecraft:walk_on_water_one_cm":37430,"minecraft:interact_with_furnace":75,"minecraft:sleep_in_bed":47,"minecraft:waystone_activated":2,"minecraft:damage_dealt":4633,"minecraft:crouch_one_cm":65924,"minecraft:inspect_dispenser":2,"minecraft:horse_one_cm":1315319,"minecraft:mob_kills":172,"minecraft:inspect_hopper":1,"minecraft:damage_dealt_resisted":3,"minecraft:climb_one_cm":34561,"minecraft:walk_one_cm":2456933,"minecraft:damage_dealt_absorbed":1303,"minecraft:sneak_time":24400,"minecraft:walk_under_water_one_cm":18281,"minecraft:boat_one_cm":286875,"minecraft:total_world_time":658101,"minecraft:tune_noteblock":1,"minecraft:pot_flower":1,"minecraft:time_since_rest":6049,"minecraft:damage_taken":9120,"minecraft:damage_absorbed":152,"minecraft:swim_one_cm":32240,"minecraft:fly_one_cm":523468,"minecraft:open_chest":142,"minecraft:fall_one_cm":101268},"minecraft:killed_by":{"bloodandmadness:cloaked_beast_patient":1,"minecraft:zombie_villager":2,"minecraft:vindicator":1,"restored_earth:lobber_zombie":1,"minecraft:zombie":6,"simple_mobs:hobgob":1,"dannys_expansion:floam":2},"minecraft:picked_up":{"minecraft:wooden_axe":1,"minecraft:wheat":237,"quark:orange_corundum":8,"minecraft:flower_pot":1,"minecraft:yellow_wool":4,"minecraft:enchanted_book":8,"minecraft:string":3,"minecraft:raw_copper":26,"create:limestone":11,"minecraft:beetroot":12,"minecraft:cobbled_deepslate":328,"comforts:sleeping_bag_white":45,"minecraft:calcite":22,"alexsmobs:raccoon_tail":1,"minecraft:coal_block":3,"apotheosis:gem":7,"minecraft:stick":73,"untamedwilds:flora_common_reed":5,"minecraft:oak_fence":8,"minecraft:torch":14,"quark:blossom_log":25,"minecraft:porkchop":6,"minecraft:pointed_dripstone":11,"dannys_expansion:gel":38,"minecraft:cactus":2,"minecraft:light_gray_bed":1,"minecraft:rotten_flesh":108,"ars_nouveau:arcane_core":1,"ars_nouveau:agronomic_sourcelink":1,"quark:violet_corundum_cluster":6,"ars_nouveau:imbuement_chamber":5,"untamedwilds:flora_yarrow":3,"bloodandmadness:blood_stone_shard":1,"minecraft:cobblestone":561,"minecraft:birch_log":9,"minecraft:feather":10,"minecraft:andesite":10,"minecraft:potato":50,"paraglider:spirit_orb":1,"ars_nouveau:magebloom":3,"minecraft:tuff":40,"create:raw_zinc":25,"minecraft:lapis_lazuli":79,"minecraft:dirt":8,"minecraft:lantern":1,"minecraft:bone":5,"minecraft:bow":1,"ars_nouveau:source_gem":26,"minecraft:wheat_seeds":476,"minecraft:raw_gold":5,"dannys_expansion:yellow_spores":1,"minecraft:fletching_table":1,"minecraft:mossy_stone_bricks":3,"minecraft:glowstone_dust":2,"minecraft:oak_planks":28,"hexerei:animal_fat":7,"paraglider:essence":1,"minecraft:sand":19,"ars_nouveau:amulet_of_mana_regen":1,"minecraft:grass_block":1,"ars_nouveau:wilden_horn":1,"minecraft:polished_andesite":3,"minecraft:diamond":6,"waystones:waystone":2,"minecraft:bone_meal":6,"minecraft:bread":3,"minecraft:emerald":5,"minecraft:oak_sapling":35,"ars_nouveau:arcane_pedestal":14,"minecraft:crafting_table":5,"minecraft:azure_bluet":1,"minecraft:ladder":1,"minecraft:wooden_pickaxe":1,"ars_nouveau:blue_archwood_sapling":4,"minecraft:shield":1,"ars_nouveau:archwood_planks":2,"minecraft:wooden_sword":3,"minecraft:item_frame":2,"bloodandmadness:blood_vial":2,"minecraft:beef":20,"simple_mobs:vampire_fang":1,"farmersdelight:straw":1,"minecraft:oak_boat":1,"minecraft:poppy":1,"quark:yellow_blossom_sapling":15,"minecraft:sugar_cane":9,"minecraft:birch_sapling":14,"minecraft:egg":4,"quark:orange_corundum_cluster":20,"minecraft:raw_iron":111,"quark:violet_corundum":3,"ars_nouveau:air_essence":2,"untamedwilds:flora_bush_temperate":2,"ars_nouveau:blue_archwood_log":51,"minecraft:stone_button":1,"quark:birch_chest":2,"minecraft:carrot":107,"minecraft:redstone":41,"bloodandmadness:beastblood_clump":3,"hexerei:sage_seed":8,"minecraft:tnt":2,"minecraft:arrow":46,"ars_nouveau:enchanting_apparatus":1,"minecraft:stone_shovel":1,"minecraft:beetroot_seeds":28,"minecraft:shears":1,"minecraft:hay_block":30,"minecraft:gold_ingot":5,"minecraft:mutton":2,"minecraft:white_wool":6,"minecraft:oxeye_daisy":1,"minecraft:air":0,"minecraft:leather":16,"minecraft:filled_map":1,"ars_nouveau:wilden_wing":1,"minecraft:oak_log":70,"minecraft:gunpowder":3,"minecraft:paper":1,"minecraft:apple":4,"minecraft:stone_bricks":5,"minecraft:rabbit_hide":1,"minecraft:iron_ingot":1,"minecraft:glass_bottle":3,"goblinsanddungeons:scoria":9,"minecraft:book":9,"epicfight:iron_spear":2,"ars_nouveau:source_jar":1,"minecraft:pumpkin":1,"supplementaries:sack":1,"minecraft:dandelion":14,"minecraft:dripstone_block":5,"minecraft:gravel":1,"simple_mobs:blighted_meat":3,"magistuarmory:rustedchainmail_leggings":1,"quark:oak_chest":3,"supplementaries:clock_block":1,"minecraft:pumpkin_seeds":1,"magistuarmory:rustedcrusader_boots":1,"minecraft:iron_helmet":1,"biomemakeover:witch_hat":1,"minecraft:melon_seeds":1,"minecraft:coal":32,"ars_nouveau:magebloom_crop":4},"minecraft:broken":{"magistuarmory:rustedcrusader_boots":1,"minecraft:stone_pickaxe":6,"minecraft:iron_sword":1,"minecraft:wooden_axe":1,"minecraft:leather_chestplate":1,"minecraft:wooden_pickaxe":2,"minecraft:shield":1,"minecraft:iron_pickaxe":1}},"DataVersion":2975}