{"stats":{"minecraft:mined":{"minecraft:dark_oak_planks":1,"minecraft:white_bed":3,"minecraft:grass_block":112,"minecraft:oak_pressure_plate":2,"goblinsanddungeons:urn":1,"minecraft:spawner":1,"quark:blossom_chest":1,"immersive_weathering:mossy_stone":9,"minecraft:iron_ore":67,"quark:blossom_planks":8,"minecraft:azure_bluet":1,"minecraft:oak_stairs":1,"minecraft:iron_bars":6,"quark:limestone":1,"quark:blossom_planks_slab":1,"create:veridium":5,"create:limestone":33,"immersive_weathering:oak_leaf_pile":3,"immersive_weathering:quark/pink_blossom_leaf_pile":173,"supplementaries:book_pile":1,"minecraft:orange_terracotta":1,"minecraft:torch":7,"minecraft:poppy":1,"minecraft:cobblestone":30,"minecraft:sugar_cane":3,"minecraft:oak_planks":6,"minecraft:wall_torch":7,"ars_nouveau:archwood_planks":3,"minecraft:wheat":11,"minecraft:jukebox":1,"minecraft:grass":44,"minecraft:oak_log":3,"minecraft:dirt":59,"minecraft:oak_leaves":3,"minecraft:deepslate":1,"minecraft:redstone_lamp":6,"create:zinc_ore":26,"quark:pink_blossom_sapling":1,"minecraft:glow_lichen":2,"minecraft:ladder":2,"minecraft:spruce_leaves":1,"untamedwilds:flora_yarrow":1,"minecraft:furnace":1,"quark:pink_blossom_leaves":4,"minecraft:snow":8,"minecraft:andesite":9,"treechop:chopped_log":18,"minecraft:bookshelf":6,"minecraft:lantern":2,"minecraft:stone":294,"minecraft:redstone_block":3,"minecraft:red_wool":1,"immersive_weathering:ars_nouveau/blue_archwood_leaf_pile":113,"minecraft:dandelion":4,"minecraft:crafting_table":7,"untamedwilds:flora_bush_temperate":1,"minecraft:tall_grass":18,"minecraft:copper_ore":27,"minecraft:lapis_ore":6,"ars_nouveau:blue_archwood_log":17,"minecraft:coal_ore":4,"minecraft:cobweb":33,"minecraft:cracked_stone_bricks":8,"minecraft:polished_andesite":2,"minecraft:stone_bricks":11,"minecraft:infested_stone":6},"minecraft:dropped":{"minecraft:iron_sword":1,"minecraft:baked_potato":18,"minecraft:glow_ink_sac":1,"quark:limestone":1,"minecraft:dirt":140,"ars_nouveau:blue_archwood_sapling":30,"minecraft:snowball":6,"minecraft:bone_meal":8,"minecraft:fermented_spider_eye":2,"minecraft:dark_oak_planks":1,"minecraft:white_wool":1,"minecraft:bone":8,"minecraft:stone_axe":1,"minecraft:birch_sapling":4,"minecraft:wheat":1,"minecraft:rotten_flesh":102,"minecraft:poppy":1,"minecraft:leather_chestplate":2,"minecraft:beetroot_seeds":11,"minecraft:leather_boots":1,"apotheosis:gem":1,"minecraft:leather_leggings":3,"minecraft:iron_bars":2,"untamedwilds:flora_common_reed":2,"minecraft:wheat_seeds":1211,"dannys_expansion:yellow_spores":3,"minecraft:poisonous_potato":1,"minecraft:cobblestone":2,"minecraft:book":21,"minecraft:apple":1,"minecraft:acacia_log":5,"minecraft:polished_andesite":1,"minecraft:cobweb":14,"minecraft:leather_horse_armor":1,"quark:music_disc_wind":1,"minecraft:wooden_axe":3,"minecraft:map":2,"minecraft:oak_stairs":1,"simple_mobs:crystal_leggings":1,"minecraft:golden_hoe":1,"dannys_expansion:gel":22,"minecraft:paper":11,"minecraft:string":7,"minecraft:dandelion":6,"hexerei:animal_fat":3,"hexerei:sage_seed":14,"ars_nouveau:magebloom_crop":1,"minecraft:stone_sword":3,"minecraft:bowl":7,"minecraft:deepslate":1,"minecraft:stone_shovel":2,"minecraft:filled_map":3,"minecraft:potato":1,"minecraft:stone_bricks":1,"minecraft:wooden_pickaxe":2,"minecraft:black_wool":3},"minecraft:used":{"minecraft:beetroot":10,"minecraft:ladder":2,"minecraft:shield":96,"minecraft:iron_sword":626,"minecraft:rotten_flesh":26,"minecraft:carrot":158,"minecraft:snowball":3,"minecraft:azure_bluet":1,"minecraft:red_wool":1,"minecraft:lantern":2,"minecraft:birch_sapling":1,"minecraft:stone_bricks":8,"minecraft:rabbit_stew":1,"quark:blossom_chest":17,"minecraft:bow":31,"minecraft:oak_sapling":10,"minecraft:furnace":5,"minecraft:egg":5,"minecraft:potato":74,"quark:pink_blossom_sapling":26,"untamedwilds:flora_yarrow":1,"epicfight:skillbook":1,"minecraft:leather_leggings":1,"ars_nouveau:blue_archwood_sapling":18,"minecraft:stone_pickaxe":281,"minecraft:oak_planks":132,"minecraft:wooden_pickaxe":71,"minecraft:leather_chestplate":1,"minecraft:cookie":1,"immersive_weathering:mossy_stone":7,"ars_nouveau:archwood_planks":167,"minecraft:bread":127,"minecraft:deepslate":4,"minecraft:andesite":9,"create:limestone":32,"minecraft:stone_sword":887,"minecraft:stone_shovel":111,"minecraft:cooked_chicken":3,"ars_nouveau:archwood_slab":9,"minecraft:torch":177,"minecraft:dirt":38,"quark:blossom_planks_slab":3,"minecraft:wooden_axe":158,"dannys_expansion:workbench":1,"minecraft:iron_axe":218,"quark:blossom_planks":41,"minecraft:cooked_beef":7,"minecraft:cobbled_deepslate":1,"minecraft:wheat_seeds":65,"minecraft:cooked_mutton":5,"minecraft:birch_planks":26,"minecraft:baked_potato":21,"minecraft:leather_boots":1,"minecraft:cracked_stone_bricks":6,"minecraft:crafting_table":12,"ars_nouveau:blue_archwood_log":3,"minecraft:white_bed":4,"minecraft:apple":20,"minecraft:iron_pickaxe":226,"minecraft:stone_axe":128,"minecraft:enchanted_book":1,"minecraft:cobblestone":239,"minecraft:cooked_porkchop":3,"minecraft:pumpkin_pie":3,"minecraft:dandelion":1},"minecraft:crafted":{"ars_nouveau:archwood_planks":156,"minecraft:cooked_chicken":3,"minecraft:iron_boots":1,"blue_skies:blue_journal":1,"sophisticatedbackpacks:backpack":1,"quark:blossom_planks":8,"minecraft:cooked_porkchop":3,"minecraft:crafting_table":4,"minecraft:iron_helmet":1,"minecraft:wooden_pickaxe":2,"minecraft:baked_potato":39,"minecraft:iron_chestplate":1,"minecraft:charcoal":106,"minecraft:shield":1,"minecraft:stick":8,"minecraft:iron_ingot":64,"minecraft:stone_sword":6,"dannys_expansion:workbench":1,"quark:blossom_planks_slab":24,"minecraft:stone_shovel":1,"minecraft:furnace":4,"quark:blossom_chest":17,"ars_nouveau:archwood_slab":12,"minecraft:stone_pickaxe":4,"minecraft:cooked_beef":26,"minecraft:iron_sword":2,"minecraft:stone_axe":1,"minecraft:air":807,"minecraft:wooden_axe":2,"minecraft:iron_leggings":1,"minecraft:white_bed":1,"minecraft:torch":16,"create:zinc_ingot":12},"minecraft:killed":{"restored_earth:rainbow_sheep":1,"minecraft:witch":3,"minecraft:spider":8,"monsterplus:crystal_zombie":15,"minecraft:skeleton":10,"monsterplus:glow_skeleton":1,"bloodandmadness:beast_patient":2,"minecraft:chicken":3,"restored_earth:viler_witch":2,"minecraft:silverfish":6,"simple_mobs:darkwerewolf":1,"minecraft:pig":1,"dannys_expansion:floam":2,"minecraft:zombie_villager":10,"minecraft:creeper":1,"minecraft:sheep":5,"minecraft:pillager":13,"tinyskeletons:baby_skeleton":1,"minecraft:zombie":20,"minecraft:stray":1,"monsterplus:opalescent_eye":2,"minecraft:cow":9,"bloodandmadness:cloaked_beast_patient":2,"alexsmobs:raccoon":1,"dannys_expansion:foamcaster":1,"alexsmobs:tasmanian_devil":1,"minecraft:slime":7,"simple_mobs:imp_range":1,"dannys_expansion:mundane_slime":20,"humancompanions:archer":1,"simple_mobs:vampire":1,"ars_nouveau:summon_wolf":10,"restored_earth:bouldering_zombie":28,"minecraft:husk":1,"simple_mobs:minotaur":2,"restored_earth:lobber_zombie":23,"ars_nouveau:starbuncle":1,"dannys_expansion:ghoul":8,"ars_nouveau:wilden_stalker":5,"monsterplus:spectral_skeleton":4,"simple_mobs:gob":1,"simple_mobs:goblo":1,"ars_nouveau:wilden_hunter":1},"minecraft:custom":{"lootr:looted_stat":44,"minecraft:animals_bred":25,"minecraft:interact_with_crafting_table":82,"minecraft:open_barrel":4,"minecraft:bell_ring":5,"minecraft:leave_game":14,"minecraft:time_since_death":23599,"champions:champion_mobs_killed":197,"minecraft:sprint_one_cm":1190871,"minecraft:damage_blocked_by_shield":6363,"minecraft:drop":175,"minecraft:talked_to_villager":2,"minecraft:play_time":620261,"minecraft:deaths":27,"minecraft:jump":6475,"minecraft:walk_on_water_one_cm":49807,"minecraft:interact_with_furnace":74,"minecraft:traded_with_villager":1,"minecraft:sleep_in_bed":9,"minecraft:waystone_activated":1,"minecraft:damage_dealt":12749,"minecraft:crouch_one_cm":60516,"minecraft:mob_kills":255,"minecraft:interact_with_campfire":7,"minecraft:damage_dealt_resisted":4,"minecraft:climb_one_cm":24004,"minecraft:walk_one_cm":2564784,"minecraft:damage_dealt_absorbed":430,"minecraft:sneak_time":27112,"minecraft:walk_under_water_one_cm":26668,"minecraft:boat_one_cm":32855,"minecraft:total_world_time":620261,"minecraft:pot_flower":1,"minecraft:time_since_rest":23622,"minecraft:damage_absorbed":6,"minecraft:damage_taken":20927,"minecraft:swim_one_cm":83277,"minecraft:fly_one_cm":467526,"minecraft:open_chest":198,"minecraft:fall_one_cm":156931},"minecraft:killed_by":{"minecraft:zombie_villager":6,"monsterplus:crystal_zombie":1,"restored_earth:bouldering_zombie":1,"simple_mobs:cave_blockhead":1,"ars_nouveau:wilden_hunter":2,"dannys_expansion:ghoul":1,"minecraft:zombie":5,"humancompanions:archer":1,"simple_mobs:minotaur":2,"simple_mobs:bone":1,"minecraft:skeleton":1,"dannys_expansion:mundane_slime":1,"dannys_expansion:floam":1},"minecraft:picked_up":{"minecraft:wooden_axe":1,"minecraft:wheat":515,"minecraft:redstone_block":3,"minecraft:oak_stairs":1,"minecraft:enchanted_book":10,"minecraft:string":51,"minecraft:raw_copper":92,"create:limestone":33,"minecraft:iron_leggings":1,"minecraft:experience_bottle":1,"minecraft:beetroot":10,"minecraft:cobbled_deepslate":1,"minecraft:iron_pickaxe":1,"minecraft:furnace":1,"minecraft:iron_boots":1,"minecraft:stick":72,"apotheosis:gem":9,"minecraft:jukebox":1,"untamedwilds:flora_common_reed":2,"minecraft:torch":13,"quark:blossom_log":62,"minecraft:porkchop":3,"quark:pink_blossom_sapling":27,"magistuarmory:rustedcrusader_chestplate":1,"quark:blossom_planks":8,"monsterplus:crystal_clump":2,"dannys_expansion:gel":23,"minecraft:stone_sword":2,"minecraft:rotten_flesh":131,"restored_earth:rainbow_wool":1,"create:veridium":5,"quark:blossom_chest":1,"comforts:sleeping_bag_yellow":2,"untamedwilds:flora_yarrow":1,"bloodandmadness:blood_stone_shard":1,"minecraft:iron_bars":6,"simple_mobs:lycanthrope_elixir":1,"minecraft:snowball":9,"minecraft:cobblestone":304,"minecraft:birch_log":16,"immersive_weathering:mossy_stone":7,"minecraft:leather_chestplate":1,"minecraft:feather":3,"minecraft:andesite":9,"minecraft:golden_leggings":2,"minecraft:potato":51,"paraglider:spirit_orb":1,"create:raw_zinc":26,"minecraft:lapis_lazuli":39,"minecraft:dirt":179,"minecraft:lantern":2,"minecraft:bone":15,"minecraft:bow":3,"minecraft:wheat_seeds":1235,"dannys_expansion:yellow_spores":3,"minecraft:glowstone_dust":2,"minecraft:oak_planks":9,"hexerei:animal_fat":6,"minecraft:oak_pressure_plate":1,"minecraft:poisonous_potato":2,"minecraft:spectral_arrow":1,"minecraft:polished_andesite":1,"simple_mobs:crystal_leggings":1,"minecraft:deepslate":5,"minecraft:bone_meal":8,"minecraft:chainmail_helmet":2,"minecraft:bread":1,"minecraft:oak_sapling":12,"minecraft:crafting_table":7,"minecraft:azure_bluet":1,"minecraft:chicken":3,"minecraft:ladder":2,"minecraft:redstone_lamp":6,"minecraft:rabbit_stew":1,"minecraft:leather_leggings":4,"minecraft:wooden_pickaxe":1,"ars_nouveau:blue_archwood_sapling":60,"minecraft:shield":1,"epicfight:stray_pants":1,"ars_nouveau:archwood_planks":3,"bloodandmadness:blood_vial":3,"minecraft:cracked_stone_bricks":6,"minecraft:beef":19,"minecraft:poppy":1,"minecraft:sugar_cane":6,"minecraft:birch_sapling":5,"minecraft:egg":5,"minecraft:raw_iron":61,"minecraft:bowl":3,"untamedwilds:flora_bush_temperate":1,"ars_nouveau:blue_archwood_log":331,"quark:blossom_planks_slab":1,"minecraft:cookie":1,"minecraft:carrot":113,"bloodandmadness:beastblood_clump":2,"minecraft:dark_oak_planks":1,"hexerei:sage_seed":14,"minecraft:arrow":40,"minecraft:stone_shovel":1,"minecraft:beetroot_seeds":14,"minecraft:golden_hoe":2,"simple_mobs:crystal_chestplate":2,"minecraft:mutton":7,"minecraft:white_wool":4,"quark:music_disc_wind":1,"minecraft:air":0,"minecraft:glow_ink_sac":1,"minecraft:leather":4,"minecraft:filled_map":1,"ars_nouveau:wilden_wing":3,"minecraft:oak_log":55,"minecraft:chainmail_chestplate":1,"minecraft:golden_boots":1,"quark:limestone":1,"minecraft:paper":5,"minecraft:cooked_mutton":7,"minecraft:apple":4,"minecraft:stone_bricks":9,"minecraft:rabbit_hide":1,"minecraft:glass_bottle":2,"minecraft:iron_sword":3,"minecraft:book":19,"simple_mobs:imp_scale":1,"magistuarmory:rustedchainmail_chestplate":1,"minecraft:red_wool":1,"minecraft:dandelion":7,"minecraft:white_bed":3,"simple_mobs:blighted_meat":7,"magistuarmory:rustedchainmail_leggings":3,"minecraft:spider_eye":4,"minecraft:slime_ball":4,"monsterplus:crystal_shard":9,"magistuarmory:rustedcrusader_boots":1,"minecraft:baked_potato":18,"minecraft:black_wool":1,"minecraft:coal":4,"ars_nouveau:magebloom_crop":1},"minecraft:broken":{"minecraft:golden_boots":1,"minecraft:leather_leggings":2,"minecraft:iron_boots":1,"minecraft:iron_chestplate":1,"minecraft:iron_leggings":1,"minecraft:golden_leggings":2,"minecraft:stone_pickaxe":2,"minecraft:iron_sword":3,"minecraft:stone_sword":6,"minecraft:chainmail_helmet":1,"minecraft:leather_chestplate":1,"minecraft:wooden_pickaxe":1,"minecraft:shield":2,"minecraft:iron_axe":1,"minecraft:iron_helmet":2,"magistuarmory:rustedchainmail_leggings":1}},"DataVersion":2975}