{"stats":{"minecraft:broken":{"magistuarmory:rustedcrusader_boots":1,"minecraft:stone_pickaxe":6,"minecraft:iron_sword":1,"minecraft:wooden_axe":1,"minecraft:leather_chestplate":1,"minecraft:wooden_pickaxe":2,"minecraft:shield":1,"minecraft:iron_pickaxe":1},"minecraft:dropped":{"minecraft:glass_bottle":2,"quark:violet_corundum":3,"quark:violet_corundum_cluster":6,"minecraft:stone_button":1,"minecraft:wooden_sword":4,"minecraft:bone":1,"magistuarmory:rustedchainmail_leggings":1,"minecraft:cobbled_deepslate":14,"minecraft:wheat":2,"minecraft:birch_sapling":5,"minecraft:rotten_flesh":61,"minecraft:carrot":1,"comforts:sleeping_bag_yellow":1,"minecraft:poppy":1,"minecraft:rabbit_hide":1,"minecraft:beetroot_seeds":1,"quark:orange_corundum":8,"minecraft:wheat_seeds":198,"untamedwilds:flora_yarrow":1,"quark:orange_corundum_cluster":20,"minecraft:acacia_log":1,"minecraft:polished_andesite":3,"dannys_expansion:gel":29,"minecraft:redstone":2,"hexerei:animal_fat":1,"minecraft:raw_copper":1,"untamedwilds:flora_bush_temperate":1,"minecraft:andesite":10,"minecraft:oak_sapling":8,"minecraft:bow":2},"minecraft:used":{"minecraft:ladder":5,"ars_nouveau:magebloom_crop":4,"minecraft:shield":74,"minecraft:iron_sword":260,"minecraft:rotten_flesh":10,"minecraft:carrot":2,"minecraft:tuff":3,"minecraft:birch_sapling":5,"minecraft:stone_bricks":1,"minecraft:item_frame":2,"minecraft:bow":31,"minecraft:hay_block":1,"minecraft:furnace":1,"minecraft:beetroot_seeds":3,"untamedwilds:flora_yarrow":1,"minecraft:mossy_stone_bricks":3,"minecraft:oak_planks":108,"minecraft:stone_pickaxe":827,"minecraft:wooden_pickaxe":108,"ars_nouveau:archwood_planks":2,"ars_nouveau:agronomic_sourcelink":2,"ars_nouveau:enchanting_apparatus":2,"minecraft:bread":80,"minecraft:wooden_sword":60,"minecraft:oak_boat":2,"minecraft:bone_meal":5,"minecraft:oak_fence":4,"quark:birch_chest":6,"minecraft:stone_sword":110,"ars_nouveau:arcane_core":2,"minecraft:stone_shovel":30,"minecraft:redstone":1,"minecraft:torch":119,"minecraft:dirt":5,"minecraft:wheat":16,"minecraft:wooden_axe":113,"untamedwilds:food_bear_cooked":2,"ars_nouveau:imbuement_chamber":6,"comforts:sleeping_bag_white":22,"minecraft:cooked_beef":4,"minecraft:cobbled_deepslate":1,"minecraft:light_gray_bed":1,"minecraft:calcite":13,"minecraft:wheat_seeds":74,"minecraft:cooked_mutton":2,"farmersdelight:iron_knife":1,"epicfight:iron_spear":87,"untamedwilds:flora_common_reed":5,"minecraft:tnt":2,"minecraft:crafting_table":12,"minecraft:wooden_hoe":1,"minecraft:flower_pot":1,"minecraft:apple":5,"minecraft:oxeye_daisy":1,"ars_nouveau:source_jar":2,"minecraft:iron_pickaxe":365,"ars_nouveau:arcane_pedestal":16,"minecraft:leather_helmet":1,"minecraft:stone_axe":74,"minecraft:cobblestone":131,"minecraft:pumpkin_pie":3,"quark:oak_chest":5,"ars_nouveau:scribes_table":1},"minecraft:crafted":{"epicfight:iron_spear":1,"minecraft:stone":87,"minecraft:glass":17,"ars_nouveau:enchanting_apparatus":1,"ars_nouveau:dull_trinket":1,"sophisticatedbackpacks:backpack":1,"ars_nouveau:arcane_core":1,"minecraft:crafting_table":1,"farmersdelight:iron_knife":1,"minecraft:wooden_pickaxe":1,"ars_nouveau:source_jar":1,"minecraft:charcoal":9,"minecraft:shield":1,"minecraft:stick":12,"quark:oak_chest":2,"minecraft:iron_ingot":72,"minecraft:gold_ingot":5,"ars_nouveau:scribes_table":1,"ars_nouveau:arcane_pedestal":3,"comforts:sleeping_bag_white":1,"minecraft:iron_axe":1,"minecraft:ladder":4,"minecraft:stone_pickaxe":1,"ars_nouveau:arcane_stone":40,"ars_nouveau:agronomic_sourcelink":1,"minecraft:cooked_beef":3,"paraglider:paraglider":1,"ars_nouveau:imbuement_chamber":1,"minecraft:air":882,"minecraft:oak_boat":1,"minecraft:wooden_axe":1,"ars_nouveau:mundane_belt":1},"minecraft:killed_by":{"bloodandmadness:cloaked_beast_patient":1,"minecraft:zombie_villager":2,"restored_earth:lobber_zombie":1,"minecraft:zombie":6,"simple_mobs:hobgob":1,"dannys_expansion:floam":2},"minecraft:mined":{"quark:dark_oak_bookshelf":3,"create:deepslate_zinc_ore":15,"minecraft:potted_cactus":1,"minecraft:grass_block":5,"minecraft:light_gray_bed":1,"minecraft:coal_block":3,"minecraft:oxeye_daisy":1,"goblinsanddungeons:urn":4,"ars_nouveau:arcane_core":1,"comforts:sleeping_bag_white":5,"minecraft:iron_ore":68,"minecraft:deepslate_lapis_ore":8,"minecraft:pointed_dripstone":8,"ars_nouveau:enchanting_apparatus":1,"create:limestone":11,"immersive_weathering:oak_leaf_pile":32,"quark:violet_corundum":3,"minecraft:deepslate_redstone_ore":4,"immersive_weathering:quark/pink_blossom_leaf_pile":3,"minecraft:torch":4,"minecraft:calcite":22,"minecraft:cobblestone":13,"minecraft:oak_planks":28,"minecraft:wall_torch":7,"minecraft:deepslate_copper_ore":1,"ars_nouveau:archwood_planks":2,"minecraft:yellow_wool":4,"minecraft:wheat":37,"minecraft:tnt":2,"minecraft:grass":30,"quark:birch_chest":2,"minecraft:oak_log":1,"minecraft:sand":19,"minecraft:dirt":6,"minecraft:oak_leaves":10,"minecraft:deepslate":338,"minecraft:infested_deepslate":1,"create:zinc_ore":10,"minecraft:tuff":42,"minecraft:deepslate_diamond_ore":6,"immersive_weathering:birch_leaf_pile":11,"minecraft:ladder":1,"minecraft:redstone_wire":11,"quark:orange_corundum_cluster":4,"minecraft:hay_block":30,"untamedwilds:flora_yarrow":2,"ars_nouveau:magebloom_crop":2,"minecraft:redstone_ore":2,"quark:orange_corundum":8,"minecraft:andesite":6,"treechop:chopped_log":9,"ars_nouveau:agronomic_sourcelink":1,"minecraft:deepslate_iron_ore":43,"minecraft:lantern":1,"immersive_weathering:ivy":1,"minecraft:stone":556,"minecraft:white_wool":4,"quark:oak_chest":3,"immersive_weathering:ars_nouveau/blue_archwood_leaf_pile":67,"minecraft:dandelion":15,"goblinsanddungeons:scoria":9,"minecraft:oak_fence":4,"minecraft:crafting_table":4,"untamedwilds:flora_bush_temperate":1,"minecraft:tall_grass":6,"minecraft:copper_ore":6,"ars_nouveau:source_jar":1,"minecraft:deepslate_coal_ore":3,"minecraft:lapis_ore":5,"minecraft:deepslate_gold_ore":5,"ars_nouveau:arcane_pedestal":8,"minecraft:coal_ore":29,"minecraft:gravel":1,"minecraft:dripstone_block":5,"minecraft:cobweb":3,"minecraft:stone_bricks":5,"minecraft:polished_andesite":2,"ars_nouveau:imbuement_chamber":5,"minecraft:mossy_stone_bricks":3,"minecraft:infested_stone":2},"minecraft:picked_up":{"minecraft:wooden_axe":1,"minecraft:wheat":235,"quark:orange_corundum":8,"minecraft:flower_pot":1,"minecraft:yellow_wool":4,"minecraft:enchanted_book":8,"minecraft:string":3,"create:limestone":11,"minecraft:raw_copper":26,"minecraft:beetroot":12,"minecraft:cobbled_deepslate":328,"comforts:sleeping_bag_white":22,"minecraft:calcite":22,"alexsmobs:raccoon_tail":1,"minecraft:coal_block":3,"apotheosis:gem":6,"minecraft:stick":60,"untamedwilds:flora_common_reed":5,"minecraft:oak_fence":4,"minecraft:torch":14,"minecraft:porkchop":3,"minecraft:pointed_dripstone":11,"dannys_expansion:gel":32,"minecraft:cactus":2,"minecraft:light_gray_bed":1,"minecraft:rotten_flesh":93,"ars_nouveau:arcane_core":1,"ars_nouveau:agronomic_sourcelink":1,"quark:violet_corundum_cluster":6,"ars_nouveau:imbuement_chamber":5,"untamedwilds:flora_yarrow":3,"bloodandmadness:blood_stone_shard":1,"minecraft:birch_log":9,"minecraft:cobblestone":561,"minecraft:feather":1,"minecraft:andesite":10,"minecraft:potato":50,"paraglider:spirit_orb":1,"ars_nouveau:magebloom":2,"minecraft:tuff":40,"create:raw_zinc":25,"minecraft:lapis_lazuli":79,"minecraft:dirt":5,"minecraft:lantern":1,"minecraft:bone":5,"minecraft:bow":1,"minecraft:wheat_seeds":468,"ars_nouveau:source_gem":24,"minecraft:raw_gold":5,"dannys_expansion:yellow_spores":1,"minecraft:mossy_stone_bricks":3,"minecraft:oak_planks":28,"hexerei:animal_fat":6,"paraglider:essence":1,"minecraft:sand":19,"ars_nouveau:wilden_horn":1,"minecraft:polished_andesite":3,"minecraft:diamond":6,"minecraft:bone_meal":6,"minecraft:emerald":2,"minecraft:bread":3,"minecraft:oak_sapling":34,"ars_nouveau:arcane_pedestal":8,"minecraft:crafting_table":4,"minecraft:ladder":1,"minecraft:wooden_pickaxe":1,"ars_nouveau:blue_archwood_sapling":4,"ars_nouveau:archwood_planks":2,"minecraft:wooden_sword":3,"minecraft:item_frame":2,"bloodandmadness:blood_vial":2,"minecraft:beef":16,"simple_mobs:vampire_fang":1,"minecraft:oak_boat":1,"minecraft:poppy":1,"minecraft:birch_sapling":12,"quark:orange_corundum_cluster":20,"minecraft:raw_iron":111,"quark:violet_corundum":3,"untamedwilds:flora_bush_temperate":2,"ars_nouveau:blue_archwood_log":51,"minecraft:stone_button":1,"quark:birch_chest":2,"minecraft:redstone":41,"minecraft:carrot":107,"bloodandmadness:beastblood_clump":3,"minecraft:tnt":2,"hexerei:sage_seed":8,"ars_nouveau:enchanting_apparatus":1,"minecraft:arrow":27,"minecraft:stone_shovel":1,"minecraft:beetroot_seeds":28,"minecraft:shears":1,"minecraft:hay_block":30,"minecraft:gold_ingot":1,"minecraft:mutton":2,"minecraft:white_wool":6,"minecraft:oxeye_daisy":1,"minecraft:air":0,"minecraft:leather":12,"minecraft:filled_map":1,"minecraft:oak_log":64,"minecraft:gunpowder":3,"minecraft:paper":1,"minecraft:apple":4,"minecraft:stone_bricks":5,"minecraft:rabbit_hide":1,"minecraft:iron_ingot":1,"minecraft:glass_bottle":2,"goblinsanddungeons:scoria":9,"minecraft:book":9,"ars_nouveau:source_jar":1,"minecraft:dandelion":14,"minecraft:dripstone_block":5,"minecraft:gravel":1,"simple_mobs:blighted_meat":3,"magistuarmory:rustedchainmail_leggings":1,"quark:oak_chest":3,"magistuarmory:rustedcrusader_boots":1,"biomemakeover:witch_hat":1,"minecraft:iron_helmet":1,"minecraft:coal":32,"ars_nouveau:magebloom_crop":4},"minecraft:killed":{"minecraft:witch":2,"minecraft:skeleton":4,"lilwings:red_applefly_butterfly":1,"restored_earth:viler_witch":2,"minecraft:silverfish":8,"minecraft:pig":2,"dannys_expansion:floam":2,"minecraft:zombie_villager":18,"minecraft:sheep":2,"minecraft:trader_llama":1,"minecraft:pillager":5,"minecraft:zombie":4,"minecraft:cow":8,"bloodandmadness:cloaked_beast_patient":1,"alexsmobs:raccoon":2,"dannys_expansion:mundane_slime":35,"simple_mobs:vampire":1,"ars_nouveau:summon_wolf":4,"goblintraders:goblin_trader":1,"restored_earth:bouldering_zombie":10,"restored_earth:lobber_zombie":6,"minecraft:rabbit":1,"dannys_expansion:ghoul":3,"hexerei:crow":1,"ars_nouveau:wilden_stalker":2,"simple_mobs:skeleton_demon":1,"alexsmobs:crow":1,"ars_nouveau:wilden_hunter":3},"minecraft:custom":{"lootr:looted_stat":30,"minecraft:animals_bred":12,"minecraft:interact_with_crafting_table":97,"minecraft:open_barrel":59,"minecraft:leave_game":9,"minecraft:time_since_death":151457,"champions:champion_mobs_killed":104,"minecraft:sprint_one_cm":738139,"minecraft:damage_blocked_by_shield":4863,"minecraft:drop":63,"minecraft:talked_to_villager":1,"minecraft:play_time":492004,"minecraft:deaths":14,"minecraft:jump":5076,"minecraft:interact_with_brewingstand":1,"minecraft:walk_on_water_one_cm":20216,"minecraft:interact_with_furnace":50,"minecraft:sleep_in_bed":34,"minecraft:waystone_activated":1,"minecraft:damage_dealt":3868,"minecraft:crouch_one_cm":63499,"minecraft:inspect_dispenser":2,"minecraft:horse_one_cm":280817,"minecraft:mob_kills":142,"minecraft:inspect_hopper":1,"minecraft:damage_dealt_resisted":3,"minecraft:climb_one_cm":23182,"minecraft:walk_one_cm":1834415,"minecraft:damage_dealt_absorbed":476,"minecraft:sneak_time":23434,"minecraft:walk_under_water_one_cm":13830,"minecraft:boat_one_cm":258921,"minecraft:total_world_time":492004,"minecraft:tune_noteblock":1,"minecraft:pot_flower":1,"minecraft:time_since_rest":2413,"minecraft:damage_absorbed":152,"minecraft:damage_taken":7934,"minecraft:swim_one_cm":16648,"minecraft:fly_one_cm":373900,"minecraft:open_chest":91,"minecraft:fall_one_cm":78706}},"DataVersion":2975}