{"stats":{"minecraft:broken":{"minecraft:leather_leggings":2,"minecraft:iron_boots":1,"minecraft:iron_chestplate":1,"minecraft:golden_leggings":1,"minecraft:stone_pickaxe":2,"minecraft:iron_sword":2,"minecraft:stone_sword":4,"minecraft:chainmail_helmet":1,"minecraft:leather_chestplate":1,"minecraft:wooden_pickaxe":1,"minecraft:shield":1,"minecraft:iron_axe":1,"minecraft:iron_helmet":1,"magistuarmory:rustedchainmail_leggings":1},"minecraft:dropped":{"minecraft:iron_sword":1,"minecraft:baked_potato":18,"minecraft:glow_ink_sac":1,"quark:limestone":1,"minecraft:dirt":128,"ars_nouveau:blue_archwood_sapling":30,"minecraft:snowball":6,"minecraft:dark_oak_planks":1,"minecraft:white_wool":1,"minecraft:bone":5,"minecraft:stone_axe":1,"minecraft:wheat":1,"minecraft:birch_sapling":4,"minecraft:rotten_flesh":70,"minecraft:poppy":1,"minecraft:leather_chestplate":2,"minecraft:beetroot_seeds":8,"minecraft:leather_boots":1,"apotheosis:gem":1,"minecraft:leather_leggings":3,"untamedwilds:flora_common_reed":2,"minecraft:wheat_seeds":1073,"dannys_expansion:yellow_spores":3,"minecraft:book":2,"minecraft:cobblestone":1,"minecraft:apple":1,"minecraft:acacia_log":5,"minecraft:polished_andesite":1,"quark:music_disc_wind":1,"minecraft:wooden_axe":2,"minecraft:oak_stairs":1,"simple_mobs:crystal_leggings":1,"minecraft:golden_hoe":1,"dannys_expansion:gel":19,"minecraft:paper":11,"minecraft:dandelion":6,"hexerei:animal_fat":3,"hexerei:sage_seed":12,"ars_nouveau:magebloom_crop":1,"minecraft:stone_sword":3,"minecraft:bowl":1,"minecraft:deepslate":1,"minecraft:stone_shovel":2,"minecraft:filled_map":3,"minecraft:potato":1,"minecraft:wooden_pickaxe":2,"minecraft:black_wool":3},"minecraft:used":{"minecraft:beetroot":4,"minecraft:ladder":2,"minecraft:shield":70,"minecraft:iron_sword":416,"minecraft:rotten_flesh":26,"minecraft:carrot":94,"minecraft:snowball":3,"minecraft:lantern":2,"minecraft:stone_bricks":8,"minecraft:rabbit_stew":1,"quark:blossom_chest":17,"minecraft:bow":31,"minecraft:furnace":4,"minecraft:oak_sapling":9,"minecraft:egg":4,"minecraft:potato":68,"quark:pink_blossom_sapling":25,"epicfight:skillbook":1,"minecraft:leather_leggings":1,"ars_nouveau:blue_archwood_sapling":9,"minecraft:stone_pickaxe":265,"minecraft:oak_planks":132,"minecraft:leather_chestplate":1,"minecraft:wooden_pickaxe":71,"minecraft:cookie":1,"immersive_weathering:mossy_stone":7,"ars_nouveau:archwood_planks":167,"minecraft:bread":117,"minecraft:deepslate":3,"minecraft:andesite":9,"create:limestone":32,"minecraft:stone_sword":626,"minecraft:stone_shovel":111,"minecraft:cooked_chicken":3,"ars_nouveau:archwood_slab":9,"minecraft:torch":104,"minecraft:dirt":38,"minecraft:wooden_axe":13,"dannys_expansion:workbench":1,"minecraft:iron_axe":198,"minecraft:cooked_beef":6,"minecraft:cobbled_deepslate":1,"minecraft:cooked_mutton":5,"minecraft:birch_planks":26,"minecraft:baked_potato":21,"minecraft:leather_boots":1,"minecraft:cracked_stone_bricks":4,"minecraft:crafting_table":11,"minecraft:white_bed":3,"minecraft:apple":14,"minecraft:iron_pickaxe":191,"minecraft:stone_axe":123,"minecraft:enchanted_book":1,"minecraft:cobblestone":231,"minecraft:pumpkin_pie":3,"minecraft:dandelion":1},"minecraft:crafted":{"ars_nouveau:archwood_planks":156,"minecraft:cooked_chicken":3,"minecraft:iron_boots":1,"blue_skies:blue_journal":1,"sophisticatedbackpacks:backpack":1,"quark:blossom_planks":8,"minecraft:crafting_table":3,"minecraft:iron_helmet":1,"minecraft:wooden_pickaxe":2,"minecraft:baked_potato":10,"minecraft:iron_chestplate":1,"minecraft:charcoal":43,"minecraft:shield":1,"minecraft:stick":8,"minecraft:iron_ingot":51,"minecraft:stone_sword":6,"dannys_expansion:workbench":1,"minecraft:stone_shovel":1,"minecraft:furnace":3,"quark:blossom_chest":17,"ars_nouveau:archwood_slab":12,"minecraft:stone_pickaxe":4,"minecraft:cooked_beef":26,"minecraft:iron_sword":1,"minecraft:stone_axe":1,"minecraft:air":544,"minecraft:wooden_axe":1,"minecraft:iron_leggings":1,"minecraft:white_bed":1,"minecraft:torch":16},"minecraft:killed_by":{"minecraft:zombie_villager":6,"simple_mobs:cave_blockhead":1,"ars_nouveau:wilden_hunter":1,"dannys_expansion:ghoul":1,"minecraft:zombie":5,"humancompanions:archer":1,"simple_mobs:minotaur":2,"minecraft:skeleton":1},"minecraft:mined":{"minecraft:dark_oak_planks":1,"minecraft:white_bed":2,"minecraft:grass_block":112,"quark:blossom_chest":1,"immersive_weathering:mossy_stone":9,"minecraft:iron_ore":66,"minecraft:oak_stairs":1,"quark:limestone":1,"create:veridium":5,"create:limestone":33,"immersive_weathering:oak_leaf_pile":2,"immersive_weathering:quark/pink_blossom_leaf_pile":154,"supplementaries:book_pile":1,"minecraft:torch":5,"minecraft:poppy":1,"minecraft:cobblestone":30,"minecraft:sugar_cane":3,"minecraft:oak_planks":6,"minecraft:wall_torch":5,"ars_nouveau:archwood_planks":3,"minecraft:wheat":11,"minecraft:grass":38,"minecraft:oak_log":3,"minecraft:dirt":58,"minecraft:oak_leaves":3,"minecraft:deepslate":1,"create:zinc_ore":21,"minecraft:glow_lichen":2,"minecraft:ladder":2,"minecraft:spruce_leaves":1,"minecraft:furnace":1,"quark:pink_blossom_leaves":4,"minecraft:snow":8,"minecraft:andesite":9,"treechop:chopped_log":15,"minecraft:bookshelf":1,"minecraft:lantern":2,"minecraft:stone":279,"immersive_weathering:ars_nouveau/blue_archwood_leaf_pile":3,"minecraft:dandelion":4,"minecraft:crafting_table":7,"untamedwilds:flora_bush_temperate":1,"minecraft:tall_grass":18,"minecraft:copper_ore":27,"minecraft:lapis_ore":4,"ars_nouveau:blue_archwood_log":13,"minecraft:coal_ore":4,"minecraft:cobweb":33,"minecraft:cracked_stone_bricks":4,"minecraft:polished_andesite":2,"minecraft:stone_bricks":8,"minecraft:infested_stone":5},"minecraft:picked_up":{"minecraft:wooden_axe":1,"minecraft:wheat":384,"minecraft:oak_stairs":1,"minecraft:enchanted_book":6,"minecraft:string":36,"create:limestone":33,"minecraft:raw_copper":92,"minecraft:iron_leggings":1,"minecraft:experience_bottle":1,"minecraft:beetroot":4,"minecraft:cobbled_deepslate":1,"minecraft:iron_pickaxe":1,"minecraft:iron_boots":1,"minecraft:furnace":1,"apotheosis:gem":9,"minecraft:stick":43,"untamedwilds:flora_common_reed":2,"minecraft:torch":10,"quark:blossom_log":62,"quark:pink_blossom_sapling":26,"magistuarmory:rustedcrusader_chestplate":1,"monsterplus:crystal_clump":1,"dannys_expansion:gel":20,"minecraft:stone_sword":2,"minecraft:rotten_flesh":96,"restored_earth:rainbow_wool":1,"create:veridium":5,"quark:blossom_chest":1,"comforts:sleeping_bag_yellow":2,"minecraft:snowball":9,"bloodandmadness:blood_stone_shard":1,"simple_mobs:lycanthrope_elixir":1,"minecraft:cobblestone":291,"minecraft:birch_log":11,"immersive_weathering:mossy_stone":7,"minecraft:leather_chestplate":1,"minecraft:feather":3,"minecraft:andesite":9,"minecraft:golden_leggings":1,"minecraft:potato":35,"paraglider:spirit_orb":1,"create:raw_zinc":21,"minecraft:lapis_lazuli":22,"minecraft:dirt":178,"minecraft:lantern":2,"minecraft:bone":12,"minecraft:bow":3,"minecraft:wheat_seeds":1052,"dannys_expansion:yellow_spores":3,"minecraft:glowstone_dust":2,"minecraft:oak_planks":9,"hexerei:animal_fat":6,"minecraft:spectral_arrow":1,"minecraft:polished_andesite":1,"simple_mobs:crystal_leggings":1,"minecraft:deepslate":4,"minecraft:bread":1,"minecraft:chainmail_helmet":1,"minecraft:oak_sapling":11,"minecraft:crafting_table":7,"minecraft:chicken":3,"minecraft:ladder":2,"minecraft:rabbit_stew":1,"minecraft:leather_leggings":4,"minecraft:wooden_pickaxe":1,"ars_nouveau:blue_archwood_sapling":39,"minecraft:shield":1,"epicfight:stray_pants":1,"ars_nouveau:archwood_planks":3,"bloodandmadness:blood_vial":3,"minecraft:cracked_stone_bricks":4,"minecraft:beef":19,"minecraft:poppy":1,"minecraft:sugar_cane":6,"minecraft:birch_sapling":4,"minecraft:egg":4,"minecraft:raw_iron":60,"untamedwilds:flora_bush_temperate":1,"ars_nouveau:blue_archwood_log":196,"minecraft:cookie":1,"minecraft:carrot":91,"bloodandmadness:beastblood_clump":2,"minecraft:dark_oak_planks":1,"hexerei:sage_seed":12,"minecraft:arrow":32,"minecraft:stone_shovel":1,"minecraft:beetroot_seeds":8,"minecraft:golden_hoe":2,"simple_mobs:crystal_chestplate":1,"minecraft:mutton":7,"minecraft:white_wool":4,"quark:music_disc_wind":1,"minecraft:air":0,"minecraft:glow_ink_sac":1,"minecraft:leather":4,"minecraft:filled_map":1,"ars_nouveau:wilden_wing":3,"minecraft:oak_log":49,"minecraft:chainmail_chestplate":1,"quark:limestone":1,"minecraft:paper":5,"minecraft:cooked_mutton":7,"minecraft:apple":3,"minecraft:stone_bricks":8,"minecraft:rabbit_hide":1,"minecraft:iron_sword":3,"minecraft:book":4,"magistuarmory:rustedchainmail_chestplate":1,"minecraft:dandelion":7,"minecraft:white_bed":2,"simple_mobs:blighted_meat":7,"magistuarmory:rustedchainmail_leggings":3,"minecraft:slime_ball":4,"monsterplus:crystal_shard":6,"minecraft:baked_potato":18,"minecraft:black_wool":1,"minecraft:coal":4,"ars_nouveau:magebloom_crop":1},"minecraft:killed":{"restored_earth:rainbow_sheep":1,"minecraft:witch":3,"minecraft:spider":2,"monsterplus:crystal_zombie":11,"minecraft:skeleton":6,"monsterplus:glow_skeleton":1,"bloodandmadness:beast_patient":2,"minecraft:chicken":3,"minecraft:silverfish":4,"simple_mobs:darkwerewolf":1,"dannys_expansion:floam":1,"minecraft:zombie_villager":10,"minecraft:creeper":1,"minecraft:sheep":5,"minecraft:pillager":13,"tinyskeletons:baby_skeleton":1,"minecraft:zombie":18,"minecraft:stray":1,"monsterplus:opalescent_eye":2,"minecraft:cow":9,"bloodandmadness:cloaked_beast_patient":1,"alexsmobs:raccoon":1,"dannys_expansion:foamcaster":1,"alexsmobs:tasmanian_devil":1,"minecraft:slime":7,"dannys_expansion:mundane_slime":18,"humancompanions:archer":1,"ars_nouveau:summon_wolf":5,"restored_earth:bouldering_zombie":20,"minecraft:husk":1,"simple_mobs:minotaur":2,"restored_earth:lobber_zombie":17,"dannys_expansion:ghoul":6,"ars_nouveau:wilden_stalker":4,"monsterplus:spectral_skeleton":4,"simple_mobs:gob":1,"ars_nouveau:wilden_hunter":1},"minecraft:custom":{"lootr:looted_stat":19,"minecraft:animals_bred":19,"minecraft:interact_with_crafting_table":69,"minecraft:open_barrel":4,"minecraft:bell_ring":5,"minecraft:leave_game":9,"minecraft:time_since_death":682,"champions:champion_mobs_killed":155,"minecraft:sprint_one_cm":1006492,"minecraft:damage_blocked_by_shield":4930,"minecraft:drop":141,"minecraft:talked_to_villager":1,"minecraft:play_time":490322,"minecraft:deaths":19,"minecraft:jump":5607,"minecraft:walk_on_water_one_cm":39198,"minecraft:interact_with_furnace":47,"minecraft:traded_with_villager":1,"minecraft:sleep_in_bed":7,"minecraft:waystone_activated":1,"minecraft:damage_dealt":9025,"minecraft:crouch_one_cm":48617,"minecraft:mob_kills":196,"minecraft:interact_with_campfire":7,"minecraft:damage_dealt_resisted":4,"minecraft:climb_one_cm":24004,"minecraft:walk_one_cm":2051125,"minecraft:damage_dealt_absorbed":430,"minecraft:sneak_time":21334,"minecraft:walk_under_water_one_cm":19920,"minecraft:boat_one_cm":32855,"minecraft:total_world_time":490322,"minecraft:time_since_rest":777,"minecraft:damage_absorbed":6,"minecraft:damage_taken":16586,"minecraft:swim_one_cm":72066,"minecraft:fly_one_cm":403368,"minecraft:open_chest":114,"minecraft:fall_one_cm":130963}},"DataVersion":2975}