{"stats":{"minecraft:picked_up":{"minecraft:wooden_axe":1,"minecraft:birch_log":7,"minecraft:crafting_table":2,"minecraft:wheat":2,"minecraft:leather":6,"minecraft:wooden_pickaxe":1,"minecraft:enchanted_book":1,"paraglider:spirit_orb":1,"minecraft:oak_log":39,"minecraft:dirt":2,"minecraft:apple":2,"minecraft:stone_bricks":4,"minecraft:beef":6,"dannys_expansion:yellow_spores":1,"minecraft:mossy_stone_bricks":3,"minecraft:birch_sapling":4,"hexerei:animal_fat":2,"minecraft:stick":20,"paraglider:essence":1,"untamedwilds:flora_common_reed":5,"untamedwilds:flora_bush_temperate":2,"dannys_expansion:gel":2,"minecraft:rotten_flesh":12,"minecraft:oak_sapling":26,"untamedwilds:flora_yarrow":2,"minecraft:mutton":1,"minecraft:white_wool":1,"minecraft:cobblestone":1},"minecraft:killed":{"dannys_expansion:floam":1,"minecraft:sheep":1,"minecraft:silverfish":3,"restored_earth:bouldering_zombie":1,"minecraft:cow":5},"minecraft:killed_by":{"restored_earth:lobber_zombie":1,"minecraft:zombie":1,"simple_mobs:hobgob":1},"minecraft:mined":{"minecraft:crafting_table":2,"immersive_weathering:birch_leaf_pile":10,"untamedwilds:flora_bush_temperate":1,"minecraft:grass_block":2,"minecraft:cobblestone":1,"untamedwilds:flora_yarrow":1,"treechop:chopped_log":4,"minecraft:grass":1,"immersive_weathering:ivy":1,"minecraft:stone_bricks":4,"minecraft:mossy_stone_bricks":3,"minecraft:infested_stone":1,"immersive_weathering:oak_leaf_pile":2},"minecraft:dropped":{"untamedwilds:flora_bush_temperate":1,"untamedwilds:flora_yarrow":1,"minecraft:birch_sapling":2,"minecraft:wheat":2,"minecraft:rotten_flesh":6,"dannys_expansion:gel":1},"minecraft:crafted":{"paraglider:paraglider":1,"minecraft:crafting_table":1,"minecraft:wooden_pickaxe":1,"minecraft:air":176,"minecraft:oak_boat":1,"minecraft:stick":4,"minecraft:wooden_axe":1},"minecraft:custom":{"minecraft:interact_with_furnace":1,"lootr:looted_stat":14,"minecraft:mob_kills":11,"minecraft:interact_with_crafting_table":7,"minecraft:leave_game":6,"minecraft:time_since_death":1087,"minecraft:sleep_in_bed":3,"minecraft:climb_one_cm":1595,"minecraft:time_since_rest":1196,"minecraft:waystone_activated":1,"champions:champion_mobs_killed":4,"minecraft:sprint_one_cm":133241,"minecraft:damage_taken":1057,"minecraft:walk_one_cm":282286,"minecraft:drop":7,"minecraft:damage_dealt":14,"minecraft:swim_one_cm":1146,"minecraft:fly_one_cm":43985,"minecraft:open_chest":1,"minecraft:crouch_one_cm":305,"minecraft:play_time":71572,"minecraft:deaths":3,"minecraft:sneak_time":60,"minecraft:walk_under_water_one_cm":853,"minecraft:boat_one_cm":112671,"minecraft:jump":755,"minecraft:walk_on_water_one_cm":636,"minecraft:total_world_time":71572,"minecraft:fall_one_cm":17678},"minecraft:used":{"untamedwilds:flora_yarrow":1,"minecraft:mossy_stone_bricks":3,"minecraft:oak_planks":18,"minecraft:wooden_pickaxe":10,"untamedwilds:flora_common_reed":5,"minecraft:dirt":2,"minecraft:crafting_table":4,"minecraft:wooden_axe":43,"minecraft:apple":2,"minecraft:bread":5,"minecraft:wooden_sword":21,"minecraft:oak_boat":1}},"DataVersion":2975}