{"stats":{"minecraft:picked_up":{"minecraft:wooden_axe":1,"minecraft:crafting_table":5,"minecraft:leather_chestplate":1,"minecraft:air":0,"minecraft:ladder":2,"minecraft:wooden_pickaxe":1,"minecraft:potato":5,"paraglider:spirit_orb":1,"minecraft:oak_log":37,"quark:limestone":1,"minecraft:dirt":21,"minecraft:paper":5,"minecraft:cooked_mutton":7,"minecraft:experience_bottle":1,"bloodandmadness:blood_vial":2,"minecraft:bow":1,"minecraft:wheat_seeds":3,"dannys_expansion:yellow_spores":1,"minecraft:iron_pickaxe":1,"minecraft:oak_planks":4,"minecraft:furnace":1,"minecraft:book":1,"minecraft:stick":6,"apotheosis:gem":1,"untamedwilds:flora_common_reed":2,"untamedwilds:flora_bush_temperate":1,"minecraft:white_bed":1,"minecraft:dark_oak_planks":1,"dannys_expansion:gel":1,"minecraft:stone_sword":1,"minecraft:arrow":1,"minecraft:rotten_flesh":3,"minecraft:golden_hoe":2,"minecraft:chainmail_helmet":1,"minecraft:oak_sapling":5,"minecraft:black_wool":1,"minecraft:mutton":7,"minecraft:white_wool":4,"simple_mobs:lycanthrope_elixir":1,"minecraft:cobblestone":30},"minecraft:killed":{"dannys_expansion:floam":1,"minecraft:zombie_villager":1,"alexsmobs:raccoon":1,"dannys_expansion:ghoul":1,"dannys_expansion:mundane_slime":1,"minecraft:sheep":5,"humancompanions:archer":1,"simple_mobs:darkwerewolf":1,"restored_earth:bouldering_zombie":1},"minecraft:killed_by":{"minecraft:zombie_villager":2,"minecraft:skeleton":1,"minecraft:zombie":1,"humancompanions:archer":1},"minecraft:dropped":{"untamedwilds:flora_common_reed":2,"minecraft:wheat_seeds":3,"minecraft:stone_sword":1,"minecraft:cobblestone":1,"minecraft:book":2,"minecraft:acacia_log":5,"minecraft:leather_chestplate":2,"minecraft:dirt":20,"minecraft:wooden_axe":2,"minecraft:leather_boots":1,"minecraft:wooden_pickaxe":2,"minecraft:paper":10,"minecraft:white_wool":1,"minecraft:black_wool":3},"minecraft:mined":{"minecraft:dark_oak_planks":1,"minecraft:white_bed":1,"minecraft:crafting_table":5,"untamedwilds:flora_bush_temperate":1,"minecraft:ladder":2,"minecraft:grass_block":5,"minecraft:tall_grass":1,"minecraft:cobblestone":1,"minecraft:spruce_leaves":1,"minecraft:oak_planks":4,"minecraft:furnace":1,"treechop:chopped_log":5,"minecraft:grass":1,"minecraft:oak_log":3,"quark:limestone":1,"minecraft:dirt":16,"minecraft:stone":29,"minecraft:oak_leaves":2,"minecraft:infested_stone":3,"immersive_weathering:oak_leaf_pile":2},"minecraft:crafted":{"blue_skies:blue_journal":1,"minecraft:wooden_pickaxe":1,"minecraft:furnace":1,"minecraft:stone_axe":1,"minecraft:air":33,"minecraft:stone_pickaxe":1,"minecraft:wooden_axe":1,"minecraft:stone_sword":1,"minecraft:white_bed":1},"minecraft:custom":{"minecraft:interact_with_furnace":1,"lootr:looted_stat":8,"minecraft:mob_kills":16,"minecraft:traded_with_villager":1,"minecraft:interact_with_crafting_table":11,"minecraft:interact_with_campfire":7,"minecraft:bell_ring":5,"minecraft:leave_game":7,"minecraft:time_since_death":49780,"minecraft:sleep_in_bed":2,"minecraft:climb_one_cm":6539,"champions:champion_mobs_killed":5,"minecraft:time_since_rest":49812,"minecraft:waystone_activated":1,"minecraft:sprint_one_cm":281914,"minecraft:damage_taken":2514,"minecraft:walk_one_cm":318024,"minecraft:drop":26,"minecraft:damage_dealt":1712,"minecraft:damage_dealt_absorbed":259,"minecraft:swim_one_cm":14849,"minecraft:talked_to_villager":1,"minecraft:fly_one_cm":72431,"minecraft:open_chest":13,"minecraft:crouch_one_cm":2327,"minecraft:play_time":77249,"minecraft:sneak_time":1947,"minecraft:deaths":5,"minecraft:walk_under_water_one_cm":3076,"minecraft:jump":865,"minecraft:walk_on_water_one_cm":3045,"minecraft:total_world_time":77249,"minecraft:fall_one_cm":14010},"minecraft:used":{"minecraft:leather_leggings":1,"minecraft:stone_sword":53,"minecraft:oak_planks":5,"minecraft:stone_pickaxe":5,"minecraft:ladder":2,"minecraft:wooden_pickaxe":12,"minecraft:leather_chestplate":1,"minecraft:leather_boots":1,"minecraft:rotten_flesh":3,"minecraft:dirt":1,"minecraft:crafting_table":5,"minecraft:white_bed":1,"minecraft:wooden_axe":13,"minecraft:iron_axe":45,"minecraft:bread":19,"minecraft:iron_pickaxe":24,"minecraft:stone_axe":46,"minecraft:cobblestone":1,"minecraft:furnace":2,"minecraft:oak_sapling":2,"minecraft:potato":45}},"DataVersion":2975}