{"stats":{"minecraft:picked_up":{"minecraft:wooden_axe":1,"minecraft:birch_log":7,"minecraft:crafting_table":2,"minecraft:wheat":3,"minecraft:ladder":1,"minecraft:flower_pot":1,"minecraft:yellow_wool":4,"minecraft:leather":8,"minecraft:wooden_pickaxe":1,"minecraft:filled_map":1,"minecraft:enchanted_book":3,"paraglider:spirit_orb":1,"minecraft:oak_log":50,"minecraft:lantern":1,"minecraft:string":2,"minecraft:dirt":2,"minecraft:item_frame":2,"bloodandmadness:blood_vial":2,"minecraft:apple":2,"minecraft:stone_bricks":4,"minecraft:wheat_seeds":33,"comforts:sleeping_bag_white":3,"minecraft:iron_ingot":1,"minecraft:beef":9,"minecraft:oak_boat":1,"dannys_expansion:yellow_spores":1,"minecraft:poppy":1,"minecraft:mossy_stone_bricks":3,"apotheosis:gem":2,"minecraft:birch_sapling":7,"minecraft:oak_planks":28,"minecraft:book":9,"hexerei:animal_fat":3,"minecraft:stick":31,"paraglider:essence":1,"untamedwilds:flora_common_reed":5,"untamedwilds:flora_bush_temperate":2,"minecraft:stone_button":1,"minecraft:carrot":2,"simple_mobs:blighted_meat":3,"minecraft:redstone":10,"quark:oak_chest":3,"bloodandmadness:beastblood_clump":1,"hexerei:sage_seed":3,"minecraft:arrow":18,"minecraft:cactus":1,"dannys_expansion:gel":11,"minecraft:stone_shovel":1,"minecraft:light_gray_bed":1,"minecraft:rotten_flesh":32,"minecraft:diamond":1,"minecraft:hay_block":6,"minecraft:gold_ingot":1,"minecraft:emerald":2,"minecraft:oak_sapling":31,"bloodandmadness:blood_stone_shard":1,"untamedwilds:flora_yarrow":2,"minecraft:mutton":2,"minecraft:white_wool":6,"minecraft:cobblestone":3},"minecraft:broken":{"minecraft:wooden_axe":1},"minecraft:killed":{"minecraft:zombie_villager":16,"dannys_expansion:floam":1,"bloodandmadness:cloaked_beast_patient":1,"dannys_expansion:mundane_slime":10,"minecraft:sheep":2,"minecraft:zombie":1,"ars_nouveau:wilden_stalker":1,"minecraft:silverfish":4,"restored_earth:bouldering_zombie":2,"minecraft:cow":6},"minecraft:mined":{"quark:oak_chest":3,"minecraft:ladder":1,"minecraft:potted_cactus":1,"minecraft:crafting_table":2,"immersive_weathering:birch_leaf_pile":10,"untamedwilds:flora_bush_temperate":1,"minecraft:grass_block":2,"minecraft:redstone_wire":10,"minecraft:light_gray_bed":1,"minecraft:tall_grass":1,"minecraft:cobblestone":3,"minecraft:oak_planks":28,"comforts:sleeping_bag_white":1,"goblinsanddungeons:urn":1,"minecraft:hay_block":6,"untamedwilds:flora_yarrow":1,"minecraft:yellow_wool":4,"treechop:chopped_log":6,"minecraft:grass":9,"minecraft:oak_log":1,"minecraft:lantern":1,"minecraft:cobweb":2,"immersive_weathering:ivy":1,"minecraft:stone_bricks":4,"minecraft:oak_leaves":4,"minecraft:white_wool":4,"minecraft:mossy_stone_bricks":3,"minecraft:infested_stone":2,"immersive_weathering:oak_leaf_pile":11,"quark:dark_oak_bookshelf":3},"minecraft:dropped":{"minecraft:wheat_seeds":2,"untamedwilds:flora_bush_temperate":1,"untamedwilds:flora_yarrow":1,"minecraft:birch_sapling":2,"minecraft:wheat":2,"minecraft:rotten_flesh":7,"minecraft:acacia_log":1,"comforts:sleeping_bag_yellow":1,"minecraft:wooden_sword":1,"minecraft:bow":1,"dannys_expansion:gel":2},"minecraft:killed_by":{"bloodandmadness:cloaked_beast_patient":1,"minecraft:zombie_villager":2,"restored_earth:lobber_zombie":1,"minecraft:zombie":1,"simple_mobs:hobgob":1,"dannys_expansion:floam":1},"minecraft:crafted":{"paraglider:paraglider":1,"sophisticatedbackpacks:backpack":1,"minecraft:crafting_table":1,"comforts:sleeping_bag_white":1,"minecraft:wooden_pickaxe":1,"minecraft:air":286,"minecraft:oak_boat":1,"minecraft:charcoal":9,"minecraft:ladder":4,"minecraft:stick":4,"minecraft:wooden_axe":1,"minecraft:cooked_beef":3},"minecraft:custom":{"minecraft:interact_with_furnace":9,"lootr:looted_stat":19,"minecraft:mob_kills":44,"minecraft:animals_bred":4,"minecraft:interact_with_crafting_table":16,"minecraft:open_barrel":8,"minecraft:pot_flower":1,"minecraft:leave_game":7,"minecraft:time_since_death":2973,"minecraft:sleep_in_bed":10,"minecraft:climb_one_cm":6140,"minecraft:time_since_rest":1676,"minecraft:damage_absorbed":152,"minecraft:waystone_activated":1,"champions:champion_mobs_killed":34,"minecraft:sprint_one_cm":354987,"minecraft:damage_taken":3346,"minecraft:walk_one_cm":699255,"minecraft:drop":14,"minecraft:damage_dealt":3330,"minecraft:swim_one_cm":8252,"minecraft:fly_one_cm":163018,"minecraft:open_chest":9,"minecraft:crouch_one_cm":5468,"minecraft:play_time":167499,"minecraft:deaths":7,"minecraft:sneak_time":4326,"minecraft:walk_under_water_one_cm":9843,"minecraft:boat_one_cm":220910,"minecraft:jump":1897,"minecraft:walk_on_water_one_cm":14349,"minecraft:total_world_time":167499,"minecraft:fall_one_cm":38102},"minecraft:used":{"untamedwilds:flora_yarrow":1,"minecraft:mossy_stone_bricks":3,"minecraft:ladder":5,"minecraft:oak_planks":90,"minecraft:iron_sword":166,"minecraft:wooden_pickaxe":37,"untamedwilds:flora_common_reed":5,"minecraft:dirt":2,"minecraft:crafting_table":6,"minecraft:flower_pot":1,"minecraft:wooden_axe":113,"minecraft:apple":2,"minecraft:bread":31,"minecraft:item_frame":2,"minecraft:wooden_sword":51,"minecraft:bow":11,"comforts:sleeping_bag_white":3,"quark:oak_chest":3,"minecraft:oak_boat":2,"minecraft:light_gray_bed":1}},"DataVersion":2975}