{"stats":{"minecraft:picked_up":{"minecraft:wooden_axe":1,"minecraft:crafting_table":5,"minecraft:wheat":82,"minecraft:ladder":2,"minecraft:leather_leggings":1,"minecraft:wooden_pickaxe":1,"ars_nouveau:blue_archwood_sapling":36,"minecraft:shield":1,"minecraft:raw_copper":71,"minecraft:string":1,"minecraft:experience_bottle":1,"minecraft:beetroot":2,"bloodandmadness:blood_vial":2,"minecraft:cracked_stone_bricks":4,"minecraft:beef":12,"minecraft:poppy":1,"minecraft:iron_pickaxe":1,"minecraft:sugar_cane":6,"minecraft:furnace":1,"minecraft:egg":1,"minecraft:stick":24,"apotheosis:gem":4,"untamedwilds:flora_common_reed":2,"untamedwilds:flora_bush_temperate":1,"ars_nouveau:blue_archwood_log":158,"quark:blossom_log":34,"quark:pink_blossom_sapling":2,"minecraft:carrot":8,"minecraft:dark_oak_planks":1,"hexerei:sage_seed":12,"minecraft:arrow":2,"dannys_expansion:gel":11,"minecraft:stone_sword":2,"minecraft:rotten_flesh":31,"minecraft:beetroot_seeds":2,"minecraft:golden_hoe":2,"create:veridium":5,"comforts:sleeping_bag_yellow":2,"quark:blossom_chest":1,"minecraft:mutton":7,"simple_mobs:lycanthrope_elixir":1,"minecraft:snowball":9,"minecraft:white_wool":4,"minecraft:cobblestone":31,"minecraft:birch_log":11,"minecraft:leather_chestplate":1,"minecraft:air":0,"minecraft:andesite":2,"minecraft:leather":2,"minecraft:potato":15,"minecraft:filled_map":1,"paraglider:spirit_orb":1,"create:raw_zinc":13,"minecraft:oak_log":49,"minecraft:chainmail_chestplate":1,"quark:limestone":1,"minecraft:paper":5,"minecraft:dirt":138,"minecraft:cooked_mutton":7,"minecraft:stone_bricks":8,"minecraft:bow":2,"minecraft:wheat_seeds":269,"dannys_expansion:yellow_spores":1,"minecraft:oak_planks":9,"minecraft:iron_sword":3,"hexerei:animal_fat":2,"minecraft:book":4,"minecraft:dandelion":6,"minecraft:white_bed":2,"magistuarmory:rustedchainmail_leggings":1,"minecraft:chainmail_helmet":1,"minecraft:baked_potato":18,"minecraft:oak_sapling":11,"minecraft:black_wool":1},"minecraft:broken":{"minecraft:leather_leggings":1,"minecraft:chainmail_helmet":1,"minecraft:leather_chestplate":1,"minecraft:iron_sword":1,"magistuarmory:rustedchainmail_leggings":1},"minecraft:killed":{"alexsmobs:raccoon":1,"minecraft:spider":1,"alexsmobs:tasmanian_devil":1,"minecraft:skeleton":1,"dannys_expansion:mundane_slime":9,"humancompanions:archer":1,"minecraft:silverfish":4,"simple_mobs:darkwerewolf":1,"restored_earth:bouldering_zombie":8,"minecraft:zombie_villager":9,"restored_earth:lobber_zombie":5,"dannys_expansion:floam":1,"dannys_expansion:ghoul":2,"minecraft:sheep":5,"minecraft:zombie":2,"simple_mobs:gob":1,"minecraft:cow":4},"minecraft:killed_by":{"minecraft:zombie_villager":5,"minecraft:skeleton":1,"minecraft:zombie":1,"humancompanions:archer":1},"minecraft:dropped":{"untamedwilds:flora_common_reed":2,"minecraft:iron_sword":1,"minecraft:wheat_seeds":269,"minecraft:baked_potato":18,"dannys_expansion:yellow_spores":1,"minecraft:cobblestone":1,"minecraft:book":2,"quark:limestone":1,"minecraft:acacia_log":5,"minecraft:dirt":115,"ars_nouveau:blue_archwood_sapling":30,"minecraft:wooden_axe":2,"minecraft:snowball":6,"minecraft:golden_hoe":1,"dannys_expansion:gel":11,"minecraft:paper":10,"minecraft:dark_oak_planks":1,"minecraft:white_wool":1,"minecraft:dandelion":6,"hexerei:sage_seed":12,"minecraft:stone_sword":3,"minecraft:filled_map":3,"minecraft:poppy":1,"minecraft:leather_chestplate":2,"minecraft:beetroot_seeds":2,"apotheosis:gem":1,"minecraft:leather_boots":1,"minecraft:wooden_pickaxe":2,"minecraft:black_wool":3},"minecraft:mined":{"minecraft:dark_oak_planks":1,"create:zinc_ore":13,"minecraft:white_bed":2,"minecraft:glow_lichen":2,"minecraft:ladder":2,"minecraft:grass_block":107,"minecraft:spruce_leaves":1,"quark:blossom_chest":1,"minecraft:furnace":1,"quark:pink_blossom_leaves":1,"minecraft:snow":8,"minecraft:andesite":2,"treechop:chopped_log":13,"minecraft:bookshelf":1,"quark:limestone":1,"create:veridium":5,"minecraft:stone":30,"immersive_weathering:oak_leaf_pile":2,"immersive_weathering:quark/pink_blossom_leaf_pile":28,"minecraft:dandelion":3,"minecraft:crafting_table":5,"untamedwilds:flora_bush_temperate":1,"minecraft:poppy":1,"minecraft:copper_ore":21,"minecraft:tall_grass":18,"minecraft:cobblestone":1,"minecraft:oak_planks":6,"minecraft:sugar_cane":3,"ars_nouveau:blue_archwood_log":4,"minecraft:wheat":10,"minecraft:grass":33,"minecraft:oak_log":3,"minecraft:dirt":21,"minecraft:cracked_stone_bricks":4,"minecraft:stone_bricks":8,"minecraft:oak_leaves":3,"minecraft:infested_stone":5},"minecraft:crafted":{"minecraft:stone_shovel":1,"ars_nouveau:archwood_planks":112,"minecraft:furnace":2,"quark:blossom_chest":16,"ars_nouveau:archwood_slab":12,"minecraft:stone_pickaxe":1,"blue_skies:blue_journal":1,"minecraft:baked_potato":10,"minecraft:wooden_pickaxe":1,"minecraft:stone_axe":1,"minecraft:air":350,"minecraft:wooden_axe":1,"minecraft:stone_sword":1,"minecraft:white_bed":1,"dannys_expansion:workbench":1},"minecraft:custom":{"lootr:looted_stat":8,"minecraft:mob_kills":64,"minecraft:interact_with_crafting_table":26,"minecraft:open_barrel":4,"minecraft:interact_with_campfire":7,"minecraft:bell_ring":5,"minecraft:leave_game":8,"minecraft:time_since_death":17896,"minecraft:climb_one_cm":7094,"minecraft:sprint_one_cm":548849,"champions:champion_mobs_killed":43,"minecraft:walk_one_cm":794901,"minecraft:damage_blocked_by_shield":1773,"minecraft:drop":76,"minecraft:damage_dealt_absorbed":388,"minecraft:talked_to_villager":1,"minecraft:play_time":183220,"minecraft:deaths":8,"minecraft:sneak_time":3987,"minecraft:walk_under_water_one_cm":7793,"minecraft:boat_one_cm":32855,"minecraft:jump":2161,"minecraft:walk_on_water_one_cm":12282,"minecraft:total_world_time":183220,"minecraft:interact_with_furnace":8,"minecraft:traded_with_villager":1,"minecraft:sleep_in_bed":4,"minecraft:time_since_rest":18005,"minecraft:waystone_activated":1,"minecraft:damage_taken":5600,"minecraft:damage_dealt":3237,"minecraft:swim_one_cm":28110,"minecraft:fly_one_cm":167466,"minecraft:open_chest":25,"minecraft:crouch_one_cm":10621,"minecraft:fall_one_cm":47375},"minecraft:used":{"minecraft:stone_sword":59,"minecraft:stone_shovel":108,"minecraft:ladder":2,"minecraft:shield":19,"minecraft:iron_sword":133,"minecraft:rotten_flesh":11,"ars_nouveau:archwood_slab":9,"minecraft:dirt":23,"minecraft:carrot":10,"minecraft:snowball":3,"minecraft:wooden_axe":13,"dannys_expansion:workbench":1,"minecraft:iron_axe":132,"minecraft:stone_bricks":8,"quark:blossom_chest":17,"minecraft:bow":1,"minecraft:oak_sapling":9,"minecraft:furnace":3,"minecraft:egg":1,"minecraft:potato":49,"quark:pink_blossom_sapling":2,"minecraft:leather_leggings":1,"ars_nouveau:blue_archwood_sapling":6,"minecraft:stone_pickaxe":5,"minecraft:baked_potato":3,"minecraft:oak_planks":132,"minecraft:leather_chestplate":1,"minecraft:wooden_pickaxe":12,"minecraft:leather_boots":1,"minecraft:cracked_stone_bricks":3,"minecraft:crafting_table":6,"ars_nouveau:archwood_planks":111,"minecraft:white_bed":3,"minecraft:apple":2,"minecraft:bread":49,"minecraft:iron_pickaxe":82,"minecraft:stone_axe":123,"minecraft:cobblestone":4}},"DataVersion":2975}