{"stats":{"minecraft:broken":{"minecraft:golden_boots":1,"minecraft:leather_leggings":2,"minecraft:iron_boots":1,"minecraft:iron_chestplate":1,"minecraft:iron_leggings":1,"minecraft:golden_leggings":2,"minecraft:stone_pickaxe":2,"minecraft:iron_sword":2,"minecraft:stone_sword":5,"minecraft:chainmail_helmet":1,"minecraft:leather_chestplate":1,"minecraft:wooden_pickaxe":1,"minecraft:shield":2,"minecraft:iron_axe":1,"minecraft:iron_helmet":2,"magistuarmory:rustedchainmail_leggings":1},"minecraft:dropped":{"minecraft:iron_sword":1,"minecraft:baked_potato":18,"minecraft:glow_ink_sac":1,"quark:limestone":1,"minecraft:dirt":140,"ars_nouveau:blue_archwood_sapling":30,"minecraft:snowball":6,"minecraft:bone_meal":8,"minecraft:dark_oak_planks":1,"minecraft:white_wool":1,"minecraft:bone":5,"minecraft:stone_axe":1,"minecraft:wheat":1,"minecraft:birch_sapling":4,"minecraft:rotten_flesh":81,"minecraft:poppy":1,"minecraft:leather_chestplate":2,"minecraft:beetroot_seeds":11,"minecraft:leather_boots":1,"apotheosis:gem":1,"minecraft:leather_leggings":3,"untamedwilds:flora_common_reed":2,"minecraft:wheat_seeds":1147,"dannys_expansion:yellow_spores":3,"minecraft:book":2,"minecraft:cobblestone":1,"minecraft:apple":1,"minecraft:acacia_log":5,"minecraft:polished_andesite":1,"quark:music_disc_wind":1,"minecraft:wooden_axe":2,"minecraft:oak_stairs":1,"simple_mobs:crystal_leggings":1,"minecraft:golden_hoe":1,"dannys_expansion:gel":22,"minecraft:paper":11,"minecraft:dandelion":6,"hexerei:animal_fat":3,"hexerei:sage_seed":14,"ars_nouveau:magebloom_crop":1,"minecraft:stone_sword":3,"minecraft:bowl":1,"minecraft:deepslate":1,"minecraft:stone_shovel":2,"minecraft:filled_map":3,"minecraft:potato":1,"minecraft:wooden_pickaxe":2,"minecraft:black_wool":3},"minecraft:used":{"minecraft:beetroot":6,"minecraft:ladder":2,"minecraft:shield":94,"minecraft:iron_sword":471,"minecraft:rotten_flesh":26,"minecraft:carrot":129,"minecraft:azure_bluet":1,"minecraft:snowball":3,"minecraft:lantern":2,"minecraft:birch_sapling":1,"minecraft:stone_bricks":8,"minecraft:rabbit_stew":1,"quark:blossom_chest":17,"minecraft:bow":31,"minecraft:furnace":5,"minecraft:oak_sapling":10,"minecraft:egg":4,"minecraft:potato":68,"quark:pink_blossom_sapling":26,"untamedwilds:flora_yarrow":1,"epicfight:skillbook":1,"minecraft:leather_leggings":1,"ars_nouveau:blue_archwood_sapling":18,"minecraft:stone_pickaxe":276,"minecraft:oak_planks":132,"minecraft:leather_chestplate":1,"minecraft:wooden_pickaxe":71,"minecraft:cookie":1,"immersive_weathering:mossy_stone":7,"ars_nouveau:archwood_planks":167,"minecraft:bread":117,"minecraft:deepslate":3,"minecraft:andesite":9,"create:limestone":32,"minecraft:stone_sword":718,"minecraft:stone_shovel":111,"minecraft:cooked_chicken":3,"ars_nouveau:archwood_slab":9,"minecraft:torch":110,"minecraft:dirt":38,"minecraft:wooden_axe":148,"dannys_expansion:workbench":1,"minecraft:iron_axe":214,"minecraft:cooked_beef":6,"minecraft:cobbled_deepslate":1,"minecraft:wheat_seeds":65,"minecraft:cooked_mutton":5,"minecraft:birch_planks":26,"minecraft:baked_potato":21,"minecraft:leather_boots":1,"minecraft:cracked_stone_bricks":4,"minecraft:crafting_table":11,"minecraft:white_bed":3,"minecraft:apple":15,"minecraft:iron_pickaxe":201,"minecraft:stone_axe":123,"minecraft:enchanted_book":1,"minecraft:cobblestone":237,"minecraft:cooked_porkchop":2,"minecraft:pumpkin_pie":3,"minecraft:dandelion":1},"minecraft:crafted":{"ars_nouveau:archwood_planks":156,"minecraft:cooked_chicken":3,"minecraft:iron_boots":1,"blue_skies:blue_journal":1,"sophisticatedbackpacks:backpack":1,"quark:blossom_planks":8,"minecraft:cooked_porkchop":3,"minecraft:crafting_table":3,"minecraft:iron_helmet":1,"minecraft:wooden_pickaxe":2,"minecraft:baked_potato":39,"minecraft:iron_chestplate":1,"minecraft:charcoal":67,"minecraft:shield":1,"minecraft:stick":8,"minecraft:iron_ingot":64,"minecraft:stone_sword":6,"dannys_expansion:workbench":1,"minecraft:stone_shovel":1,"minecraft:furnace":4,"quark:blossom_chest":17,"ars_nouveau:archwood_slab":12,"minecraft:stone_pickaxe":4,"minecraft:cooked_beef":26,"minecraft:iron_sword":1,"minecraft:stone_axe":1,"minecraft:air":787,"minecraft:wooden_axe":2,"minecraft:iron_leggings":1,"minecraft:white_bed":1,"minecraft:torch":16,"create:zinc_ingot":12},"minecraft:killed_by":{"minecraft:zombie_villager":6,"monsterplus:crystal_zombie":1,"restored_earth:bouldering_zombie":1,"simple_mobs:cave_blockhead":1,"ars_nouveau:wilden_hunter":1,"dannys_expansion:ghoul":1,"minecraft:zombie":5,"humancompanions:archer":1,"simple_mobs:minotaur":2,"simple_mobs:bone":1,"minecraft:skeleton":1,"dannys_expansion:mundane_slime":1},"minecraft:mined":{"minecraft:dark_oak_planks":1,"minecraft:white_bed":2,"minecraft:grass_block":112,"quark:blossom_chest":1,"immersive_weathering:mossy_stone":9,"minecraft:iron_ore":66,"minecraft:azure_bluet":1,"minecraft:oak_stairs":1,"quark:limestone":1,"create:veridium":5,"create:limestone":33,"immersive_weathering:oak_leaf_pile":3,"immersive_weathering:quark/pink_blossom_leaf_pile":173,"supplementaries:book_pile":1,"minecraft:torch":5,"minecraft:poppy":1,"minecraft:cobblestone":30,"minecraft:sugar_cane":3,"minecraft:oak_planks":6,"minecraft:wall_torch":5,"ars_nouveau:archwood_planks":3,"minecraft:wheat":11,"minecraft:grass":44,"minecraft:oak_log":3,"minecraft:dirt":59,"minecraft:oak_leaves":3,"minecraft:deepslate":1,"create:zinc_ore":26,"quark:pink_blossom_sapling":1,"minecraft:glow_lichen":2,"minecraft:ladder":2,"minecraft:spruce_leaves":1,"untamedwilds:flora_yarrow":1,"minecraft:furnace":1,"quark:pink_blossom_leaves":4,"minecraft:snow":8,"minecraft:andesite":9,"treechop:chopped_log":18,"minecraft:bookshelf":1,"minecraft:lantern":2,"minecraft:stone":291,"immersive_weathering:ars_nouveau/blue_archwood_leaf_pile":113,"minecraft:dandelion":4,"minecraft:crafting_table":7,"untamedwilds:flora_bush_temperate":1,"minecraft:tall_grass":18,"minecraft:copper_ore":27,"minecraft:lapis_ore":6,"ars_nouveau:blue_archwood_log":14,"minecraft:coal_ore":4,"minecraft:cobweb":33,"minecraft:cracked_stone_bricks":4,"minecraft:polished_andesite":2,"minecraft:stone_bricks":8,"minecraft:infested_stone":6},"minecraft:picked_up":{"minecraft:wooden_axe":1,"minecraft:wheat":473,"minecraft:oak_stairs":1,"minecraft:enchanted_book":7,"minecraft:string":36,"create:limestone":33,"minecraft:raw_copper":92,"minecraft:iron_leggings":1,"minecraft:experience_bottle":1,"minecraft:beetroot":6,"minecraft:cobbled_deepslate":1,"minecraft:iron_pickaxe":1,"minecraft:iron_boots":1,"minecraft:furnace":1,"apotheosis:gem":9,"minecraft:stick":72,"untamedwilds:flora_common_reed":2,"minecraft:torch":10,"minecraft:porkchop":3,"quark:blossom_log":62,"quark:pink_blossom_sapling":27,"magistuarmory:rustedcrusader_chestplate":1,"monsterplus:crystal_clump":1,"dannys_expansion:gel":23,"minecraft:stone_sword":2,"minecraft:rotten_flesh":117,"restored_earth:rainbow_wool":1,"create:veridium":5,"quark:blossom_chest":1,"comforts:sleeping_bag_yellow":2,"untamedwilds:flora_yarrow":1,"minecraft:snowball":9,"bloodandmadness:blood_stone_shard":1,"simple_mobs:lycanthrope_elixir":1,"minecraft:cobblestone":303,"minecraft:birch_log":16,"immersive_weathering:mossy_stone":7,"minecraft:leather_chestplate":1,"minecraft:feather":3,"minecraft:andesite":9,"minecraft:golden_leggings":2,"minecraft:potato":48,"paraglider:spirit_orb":1,"create:raw_zinc":26,"minecraft:lapis_lazuli":39,"minecraft:dirt":179,"minecraft:lantern":2,"minecraft:bone":12,"minecraft:bow":3,"minecraft:wheat_seeds":1162,"dannys_expansion:yellow_spores":3,"minecraft:glowstone_dust":2,"minecraft:oak_planks":9,"hexerei:animal_fat":6,"minecraft:spectral_arrow":1,"minecraft:polished_andesite":1,"simple_mobs:crystal_leggings":1,"minecraft:deepslate":4,"minecraft:bone_meal":8,"minecraft:bread":1,"minecraft:chainmail_helmet":2,"minecraft:oak_sapling":12,"minecraft:crafting_table":7,"minecraft:azure_bluet":1,"minecraft:chicken":3,"minecraft:ladder":2,"minecraft:rabbit_stew":1,"minecraft:leather_leggings":4,"minecraft:wooden_pickaxe":1,"ars_nouveau:blue_archwood_sapling":60,"minecraft:shield":1,"epicfight:stray_pants":1,"ars_nouveau:archwood_planks":3,"bloodandmadness:blood_vial":3,"minecraft:cracked_stone_bricks":4,"minecraft:beef":19,"minecraft:poppy":1,"minecraft:sugar_cane":6,"minecraft:birch_sapling":5,"minecraft:egg":4,"minecraft:raw_iron":60,"untamedwilds:flora_bush_temperate":1,"ars_nouveau:blue_archwood_log":329,"minecraft:cookie":1,"minecraft:carrot":93,"bloodandmadness:beastblood_clump":2,"minecraft:dark_oak_planks":1,"hexerei:sage_seed":14,"minecraft:arrow":34,"minecraft:stone_shovel":1,"minecraft:beetroot_seeds":11,"minecraft:golden_hoe":2,"simple_mobs:crystal_chestplate":2,"minecraft:mutton":7,"minecraft:white_wool":4,"quark:music_disc_wind":1,"minecraft:air":0,"minecraft:glow_ink_sac":1,"minecraft:leather":4,"minecraft:filled_map":1,"ars_nouveau:wilden_wing":3,"minecraft:oak_log":55,"minecraft:chainmail_chestplate":1,"minecraft:golden_boots":1,"quark:limestone":1,"minecraft:paper":5,"minecraft:cooked_mutton":7,"minecraft:apple":4,"minecraft:stone_bricks":8,"minecraft:rabbit_hide":1,"minecraft:glass_bottle":2,"minecraft:iron_sword":3,"minecraft:book":4,"magistuarmory:rustedchainmail_chestplate":1,"minecraft:dandelion":7,"minecraft:white_bed":2,"simple_mobs:blighted_meat":7,"magistuarmory:rustedchainmail_leggings":3,"minecraft:slime_ball":4,"monsterplus:crystal_shard":6,"minecraft:baked_potato":18,"minecraft:black_wool":1,"minecraft:coal":4,"ars_nouveau:magebloom_crop":1},"minecraft:killed":{"restored_earth:rainbow_sheep":1,"minecraft:witch":3,"minecraft:spider":2,"monsterplus:crystal_zombie":12,"minecraft:skeleton":6,"monsterplus:glow_skeleton":1,"bloodandmadness:beast_patient":2,"minecraft:chicken":3,"restored_earth:viler_witch":2,"minecraft:silverfish":6,"simple_mobs:darkwerewolf":1,"minecraft:pig":1,"dannys_expansion:floam":1,"minecraft:zombie_villager":10,"minecraft:creeper":1,"minecraft:sheep":5,"minecraft:pillager":13,"tinyskeletons:baby_skeleton":1,"minecraft:zombie":18,"minecraft:stray":1,"monsterplus:opalescent_eye":2,"minecraft:cow":9,"bloodandmadness:cloaked_beast_patient":2,"alexsmobs:raccoon":1,"dannys_expansion:foamcaster":1,"alexsmobs:tasmanian_devil":1,"minecraft:slime":7,"dannys_expansion:mundane_slime":20,"humancompanions:archer":1,"ars_nouveau:summon_wolf":5,"restored_earth:bouldering_zombie":28,"minecraft:husk":1,"simple_mobs:minotaur":2,"restored_earth:lobber_zombie":23,"dannys_expansion:ghoul":6,"ars_nouveau:wilden_stalker":5,"monsterplus:spectral_skeleton":4,"simple_mobs:gob":1,"ars_nouveau:wilden_hunter":1},"minecraft:custom":{"lootr:looted_stat":19,"minecraft:animals_bred":25,"minecraft:interact_with_crafting_table":78,"minecraft:open_barrel":4,"minecraft:bell_ring":5,"minecraft:leave_game":10,"minecraft:time_since_death":230,"champions:champion_mobs_killed":177,"minecraft:sprint_one_cm":1074715,"minecraft:damage_blocked_by_shield":6063,"minecraft:drop":154,"minecraft:talked_to_villager":1,"minecraft:play_time":550430,"minecraft:deaths":24,"minecraft:jump":6105,"minecraft:walk_on_water_one_cm":41888,"minecraft:interact_with_furnace":73,"minecraft:traded_with_villager":1,"minecraft:sleep_in_bed":8,"minecraft:waystone_activated":1,"minecraft:damage_dealt":9423,"minecraft:crouch_one_cm":49523,"minecraft:mob_kills":224,"minecraft:interact_with_campfire":7,"minecraft:damage_dealt_resisted":4,"minecraft:climb_one_cm":24004,"minecraft:walk_one_cm":2272840,"minecraft:damage_dealt_absorbed":430,"minecraft:sneak_time":21673,"minecraft:walk_under_water_one_cm":23113,"minecraft:boat_one_cm":32855,"minecraft:total_world_time":550430,"minecraft:time_since_rest":4304,"minecraft:damage_absorbed":6,"minecraft:damage_taken":18870,"minecraft:swim_one_cm":72066,"minecraft:fly_one_cm":440060,"minecraft:open_chest":167,"minecraft:fall_one_cm":145892}},"DataVersion":2975}