{"stats":{"minecraft:broken":{"magistuarmory:rustedcrusader_boots":1,"minecraft:leather_chestplate":1,"minecraft:wooden_pickaxe":2,"minecraft:stone_pickaxe":3,"minecraft:shield":1,"minecraft:iron_sword":1,"minecraft:wooden_axe":1},"minecraft:dropped":{"minecraft:wheat_seeds":195,"minecraft:glass_bottle":2,"untamedwilds:flora_yarrow":1,"quark:orange_corundum_cluster":20,"quark:violet_corundum":3,"minecraft:acacia_log":1,"minecraft:polished_andesite":3,"quark:violet_corundum_cluster":6,"minecraft:wooden_sword":4,"dannys_expansion:gel":23,"magistuarmory:rustedchainmail_leggings":1,"minecraft:redstone":2,"minecraft:bone":1,"hexerei:animal_fat":1,"untamedwilds:flora_bush_temperate":1,"minecraft:birch_sapling":5,"minecraft:wheat":2,"minecraft:rotten_flesh":56,"comforts:sleeping_bag_yellow":1,"minecraft:poppy":1,"minecraft:rabbit_hide":1,"minecraft:andesite":10,"minecraft:beetroot_seeds":1,"minecraft:oak_sapling":8,"minecraft:bow":2,"quark:orange_corundum":8},"minecraft:used":{"minecraft:stone_sword":73,"minecraft:stone_shovel":10,"minecraft:redstone":1,"minecraft:ladder":5,"minecraft:shield":69,"minecraft:iron_sword":260,"minecraft:torch":65,"minecraft:dirt":5,"minecraft:wooden_axe":113,"ars_nouveau:imbuement_chamber":1,"minecraft:item_frame":2,"minecraft:bow":31,"minecraft:hay_block":1,"minecraft:furnace":1,"minecraft:calcite":13,"comforts:sleeping_bag_white":12,"minecraft:cooked_beef":1,"untamedwilds:flora_yarrow":1,"minecraft:light_gray_bed":1,"minecraft:cooked_mutton":2,"minecraft:wheat_seeds":27,"minecraft:mossy_stone_bricks":3,"epicfight:iron_spear":87,"minecraft:stone_pickaxe":482,"minecraft:oak_planks":108,"minecraft:wooden_pickaxe":108,"untamedwilds:flora_common_reed":5,"minecraft:tnt":2,"minecraft:crafting_table":11,"ars_nouveau:archwood_planks":2,"minecraft:flower_pot":1,"minecraft:apple":2,"minecraft:bread":77,"minecraft:iron_pickaxe":36,"minecraft:leather_helmet":1,"minecraft:stone_axe":52,"minecraft:wooden_sword":60,"minecraft:cobblestone":128,"minecraft:pumpkin_pie":1,"quark:oak_chest":3,"minecraft:oak_boat":2},"minecraft:crafted":{"comforts:sleeping_bag_white":1,"epicfight:iron_spear":1,"minecraft:ladder":4,"minecraft:stone_pickaxe":1,"minecraft:cooked_beef":3,"paraglider:paraglider":1,"sophisticatedbackpacks:backpack":1,"ars_nouveau:imbuement_chamber":1,"minecraft:crafting_table":1,"minecraft:wooden_pickaxe":1,"minecraft:air":684,"minecraft:oak_boat":1,"minecraft:charcoal":9,"minecraft:shield":1,"minecraft:stick":8,"minecraft:iron_ingot":20,"minecraft:wooden_axe":1},"minecraft:killed_by":{"bloodandmadness:cloaked_beast_patient":1,"minecraft:zombie_villager":2,"restored_earth:lobber_zombie":1,"minecraft:zombie":6,"simple_mobs:hobgob":1,"dannys_expansion:floam":2},"minecraft:mined":{"create:zinc_ore":10,"quark:dark_oak_bookshelf":3,"minecraft:potted_cactus":1,"immersive_weathering:birch_leaf_pile":10,"minecraft:ladder":1,"minecraft:grass_block":5,"minecraft:light_gray_bed":1,"minecraft:redstone_wire":11,"quark:orange_corundum_cluster":4,"goblinsanddungeons:urn":4,"untamedwilds:flora_yarrow":2,"comforts:sleeping_bag_white":3,"minecraft:hay_block":22,"minecraft:redstone_ore":2,"quark:orange_corundum":8,"minecraft:iron_ore":27,"minecraft:andesite":6,"treechop:chopped_log":8,"minecraft:deepslate_iron_ore":1,"minecraft:pointed_dripstone":8,"minecraft:lantern":1,"immersive_weathering:ivy":1,"minecraft:stone":421,"minecraft:white_wool":4,"immersive_weathering:oak_leaf_pile":31,"quark:violet_corundum":3,"minecraft:deepslate_redstone_ore":4,"immersive_weathering:quark/pink_blossom_leaf_pile":3,"quark:oak_chest":3,"immersive_weathering:ars_nouveau/blue_archwood_leaf_pile":67,"minecraft:dandelion":1,"minecraft:crafting_table":4,"untamedwilds:flora_bush_temperate":1,"minecraft:calcite":20,"minecraft:copper_ore":6,"minecraft:tall_grass":4,"minecraft:cobblestone":12,"minecraft:deepslate_coal_ore":2,"minecraft:lapis_ore":5,"minecraft:oak_planks":28,"minecraft:wall_torch":5,"ars_nouveau:archwood_planks":2,"minecraft:yellow_wool":4,"minecraft:wheat":35,"minecraft:tnt":2,"minecraft:grass":15,"minecraft:oak_log":1,"minecraft:coal_ore":24,"minecraft:gravel":1,"minecraft:dripstone_block":5,"minecraft:dirt":6,"minecraft:cobweb":3,"minecraft:polished_andesite":2,"minecraft:stone_bricks":4,"minecraft:mossy_stone_bricks":3,"minecraft:oak_leaves":10,"minecraft:deepslate":15,"minecraft:infested_stone":2},"minecraft:picked_up":{"minecraft:wooden_axe":1,"minecraft:crafting_table":4,"minecraft:wheat":87,"minecraft:flower_pot":1,"minecraft:ladder":1,"quark:orange_corundum":8,"minecraft:yellow_wool":4,"minecraft:wooden_pickaxe":1,"ars_nouveau:blue_archwood_sapling":4,"minecraft:enchanted_book":7,"ars_nouveau:archwood_planks":2,"minecraft:string":3,"minecraft:raw_copper":22,"minecraft:wooden_sword":3,"minecraft:item_frame":2,"bloodandmadness:blood_vial":2,"minecraft:cobbled_deepslate":15,"comforts:sleeping_bag_white":12,"minecraft:beef":12,"minecraft:oak_boat":1,"simple_mobs:vampire_fang":1,"minecraft:calcite":20,"minecraft:poppy":1,"alexsmobs:raccoon_tail":1,"minecraft:birch_sapling":7,"quark:orange_corundum_cluster":20,"minecraft:stick":57,"minecraft:raw_iron":28,"apotheosis:gem":6,"quark:violet_corundum":3,"untamedwilds:flora_common_reed":5,"minecraft:torch":6,"untamedwilds:flora_bush_temperate":2,"ars_nouveau:blue_archwood_log":51,"minecraft:porkchop":3,"minecraft:stone_button":1,"minecraft:pointed_dripstone":11,"minecraft:carrot":2,"minecraft:redstone":41,"bloodandmadness:beastblood_clump":1,"hexerei:sage_seed":4,"minecraft:tnt":2,"dannys_expansion:gel":25,"minecraft:stone_shovel":1,"minecraft:arrow":27,"minecraft:cactus":2,"minecraft:light_gray_bed":1,"minecraft:rotten_flesh":82,"minecraft:shears":1,"quark:violet_corundum_cluster":6,"minecraft:hay_block":22,"minecraft:gold_ingot":1,"minecraft:mutton":2,"untamedwilds:flora_yarrow":3,"bloodandmadness:blood_stone_shard":1,"minecraft:white_wool":6,"minecraft:cobblestone":430,"minecraft:birch_log":7,"minecraft:air":0,"minecraft:feather":1,"minecraft:andesite":10,"minecraft:leather":8,"minecraft:filled_map":1,"paraglider:spirit_orb":1,"create:raw_zinc":10,"minecraft:oak_log":64,"minecraft:gunpowder":3,"minecraft:lapis_lazuli":23,"minecraft:dirt":5,"minecraft:paper":1,"minecraft:lantern":1,"minecraft:bone":5,"minecraft:apple":3,"minecraft:stone_bricks":4,"minecraft:bow":1,"minecraft:wheat_seeds":222,"minecraft:rabbit_hide":1,"minecraft:iron_ingot":1,"dannys_expansion:yellow_spores":1,"minecraft:mossy_stone_bricks":3,"minecraft:glass_bottle":2,"minecraft:oak_planks":28,"minecraft:book":9,"hexerei:animal_fat":4,"paraglider:essence":1,"minecraft:dripstone_block":5,"minecraft:gravel":1,"magistuarmory:rustedchainmail_leggings":1,"simple_mobs:blighted_meat":3,"quark:oak_chest":3,"ars_nouveau:wilden_horn":1,"minecraft:polished_andesite":3,"minecraft:diamond":1,"magistuarmory:rustedcrusader_boots":1,"biomemakeover:witch_hat":1,"minecraft:bread":3,"minecraft:emerald":2,"minecraft:oak_sapling":34,"minecraft:coal":26},"minecraft:killed":{"minecraft:witch":2,"bloodandmadness:cloaked_beast_patient":1,"alexsmobs:raccoon":2,"minecraft:skeleton":4,"dannys_expansion:mundane_slime":27,"lilwings:red_applefly_butterfly":1,"simple_mobs:vampire":1,"restored_earth:viler_witch":2,"minecraft:silverfish":4,"ars_nouveau:summon_wolf":4,"restored_earth:bouldering_zombie":5,"minecraft:pig":2,"restored_earth:lobber_zombie":5,"dannys_expansion:floam":2,"minecraft:zombie_villager":18,"minecraft:rabbit":1,"dannys_expansion:ghoul":3,"minecraft:sheep":2,"hexerei:crow":1,"minecraft:pillager":5,"minecraft:zombie":4,"simple_mobs:skeleton_demon":1,"ars_nouveau:wilden_stalker":2,"alexsmobs:crow":1,"ars_nouveau:wilden_hunter":3,"minecraft:cow":7},"minecraft:custom":{"lootr:looted_stat":30,"minecraft:mob_kills":117,"minecraft:animals_bred":6,"minecraft:inspect_hopper":1,"minecraft:interact_with_crafting_table":49,"minecraft:open_barrel":26,"minecraft:damage_dealt_resisted":3,"minecraft:leave_game":9,"minecraft:time_since_death":7457,"minecraft:climb_one_cm":16415,"champions:champion_mobs_killed":86,"minecraft:sprint_one_cm":587222,"minecraft:walk_one_cm":1363512,"minecraft:damage_blocked_by_shield":4616,"minecraft:drop":51,"minecraft:damage_dealt_absorbed":402,"minecraft:talked_to_villager":1,"minecraft:play_time":348004,"minecraft:sneak_time":16938,"minecraft:deaths":14,"minecraft:walk_under_water_one_cm":11147,"minecraft:boat_one_cm":258921,"minecraft:interact_with_brewingstand":1,"minecraft:jump":3774,"minecraft:walk_on_water_one_cm":17218,"minecraft:total_world_time":348004,"minecraft:interact_with_furnace":15,"minecraft:tune_noteblock":1,"minecraft:pot_flower":1,"minecraft:sleep_in_bed":22,"minecraft:time_since_rest":7330,"minecraft:waystone_activated":1,"minecraft:damage_taken":7368,"minecraft:damage_absorbed":152,"minecraft:damage_dealt":3842,"minecraft:swim_one_cm":16406,"minecraft:fly_one_cm":303698,"minecraft:open_chest":26,"minecraft:crouch_one_cm":47407,"minecraft:fall_one_cm":68060,"minecraft:inspect_dispenser":2,"minecraft:horse_one_cm":82535}},"DataVersion":2975}