{"stats":{"minecraft:picked_up":{"minecraft:wooden_axe":1,"minecraft:crafting_table":1,"minecraft:wheat":19,"minecraft:feather":1,"minecraft:leather_leggings":1,"minecraft:potato":5,"paraglider:spirit_orb":1,"minecraft:oak_log":35,"minecraft:yellow_bed":2,"minecraft:dirt":10,"minecraft:apple":3,"minecraft:bow":2,"minecraft:wheat_seeds":41,"dannys_expansion:yellow_spores":4,"minecraft:oak_planks":32,"minecraft:iron_sword":1,"minecraft:stick":9,"minecraft:torch":2,"minecraft:carrot":4,"dannys_expansion:gel":1,"minecraft:arrow":1,"minecraft:rotten_flesh":5,"minecraft:beetroot_seeds":1,"minecraft:hay_block":56,"minecraft:crossbow":3,"strawgolem:straw_hat":3,"minecraft:oak_sapling":21,"minecraft:cobblestone":12},"minecraft:killed":{"dannys_expansion:foamspring":1,"restored_earth:bouldering_zombie":2},"minecraft:mined":{"minecraft:crafting_table":1,"minecraft:grass_block":3,"minecraft:tall_grass":1,"minecraft:wall_torch":2,"minecraft:hay_block":58,"treechop:chopped_log":4,"minecraft:yellow_bed":2,"minecraft:grass":1,"minecraft:dirt_path":4,"minecraft:dirt":3,"minecraft:stone":12,"minecraft:oak_leaves":4,"minecraft:infested_stone":1,"immersive_weathering:oak_leaf_pile":1},"minecraft:killed_by":{"simple_mobs:dragon_flame":1,"simple_mobs:gob":1,"simple_mobs:skeleton_demon":1,"ars_nouveau:wilden_stalker":1,"hunterillager:hunterillager":1,"dannys_expansion:foamspring":1},"minecraft:dropped":{"strawgolem:straw_hat":3,"minecraft:wheat_seeds":19,"minecraft:crossbow":2,"minecraft:rotten_flesh":5,"minecraft:wooden_axe":2,"minecraft:leather_leggings":2,"minecraft:bow":1,"minecraft:arrow":1,"dannys_expansion:gel":1,"minecraft:wooden_pickaxe":1},"minecraft:crafted":{"minecraft:oak_planks":108,"minecraft:crafting_table":1,"minecraft:wooden_pickaxe":1,"minecraft:stone_axe":1,"minecraft:bread":41,"minecraft:air":288,"minecraft:stone_pickaxe":1,"minecraft:wooden_axe":1,"strawgolem:straw_hat":1,"minecraft:wheat":68},"minecraft:custom":{"minecraft:interact_with_furnace":1,"lootr:looted_stat":4,"minecraft:mob_kills":5,"minecraft:interact_with_crafting_table":8,"minecraft:open_barrel":6,"minecraft:bell_ring":1,"minecraft:damage_dealt_resisted":6,"minecraft:leave_game":1,"minecraft:time_since_death":48971,"minecraft:sleep_in_bed":7,"minecraft:climb_one_cm":4000,"minecraft:time_since_rest":2631,"minecraft:waystone_activated":1,"champions:champion_mobs_killed":2,"minecraft:sprint_one_cm":204031,"minecraft:damage_taken":2147,"minecraft:walk_one_cm":390148,"minecraft:drop":15,"minecraft:damage_dealt":61,"minecraft:swim_one_cm":20121,"minecraft:fly_one_cm":49205,"minecraft:open_chest":6,"minecraft:crouch_one_cm":247,"minecraft:play_time":74576,"minecraft:deaths":6,"minecraft:sneak_time":30,"minecraft:walk_under_water_one_cm":5780,"minecraft:jump":796,"minecraft:walk_on_water_one_cm":9332,"minecraft:total_world_time":74576,"minecraft:fall_one_cm":13914},"minecraft:used":{"minecraft:wooden_pickaxe":14,"minecraft:iron_sword":13,"minecraft:dirt":1,"minecraft:crafting_table":1,"minecraft:carrot":10,"minecraft:wooden_axe":22,"minecraft:apple":7,"minecraft:bread":3,"minecraft:stone_axe":14,"minecraft:yellow_bed":1,"minecraft:potato":7}},"DataVersion":2975}