{"stats":{"minecraft:broken":{"magistuarmory:rustedcrusader_boots":1,"minecraft:leather_chestplate":1,"minecraft:wooden_pickaxe":2,"minecraft:stone_pickaxe":2,"minecraft:shield":1,"minecraft:iron_sword":1,"minecraft:wooden_axe":1},"minecraft:dropped":{"minecraft:wheat_seeds":163,"minecraft:glass_bottle":2,"untamedwilds:flora_yarrow":1,"quark:orange_corundum_cluster":20,"quark:violet_corundum":3,"minecraft:acacia_log":1,"minecraft:polished_andesite":3,"quark:violet_corundum_cluster":6,"minecraft:wooden_sword":4,"dannys_expansion:gel":18,"minecraft:redstone":2,"minecraft:bone":1,"magistuarmory:rustedchainmail_leggings":1,"untamedwilds:flora_bush_temperate":1,"minecraft:wheat":2,"minecraft:birch_sapling":2,"minecraft:rotten_flesh":56,"comforts:sleeping_bag_yellow":1,"minecraft:rabbit_hide":1,"minecraft:andesite":10,"minecraft:beetroot_seeds":1,"minecraft:oak_sapling":5,"minecraft:bow":2,"quark:orange_corundum":8},"minecraft:used":{"minecraft:stone_sword":23,"minecraft:stone_shovel":10,"minecraft:redstone":1,"minecraft:ladder":5,"minecraft:shield":47,"minecraft:iron_sword":260,"minecraft:torch":48,"minecraft:dirt":5,"minecraft:wooden_axe":113,"minecraft:item_frame":2,"minecraft:bow":31,"minecraft:hay_block":1,"minecraft:furnace":1,"comforts:sleeping_bag_white":9,"minecraft:light_gray_bed":1,"untamedwilds:flora_yarrow":1,"minecraft:cooked_mutton":2,"minecraft:wheat_seeds":27,"minecraft:mossy_stone_bricks":3,"epicfight:iron_spear":87,"minecraft:stone_pickaxe":349,"minecraft:oak_planks":90,"minecraft:wooden_pickaxe":108,"untamedwilds:flora_common_reed":5,"minecraft:tnt":2,"minecraft:crafting_table":11,"ars_nouveau:archwood_planks":2,"minecraft:flower_pot":1,"minecraft:apple":2,"minecraft:bread":67,"minecraft:iron_pickaxe":20,"minecraft:leather_helmet":1,"minecraft:wooden_sword":60,"minecraft:cobblestone":125,"quark:oak_chest":3,"minecraft:oak_boat":2},"minecraft:crafted":{"comforts:sleeping_bag_white":1,"epicfight:iron_spear":1,"minecraft:ladder":4,"minecraft:stone_pickaxe":1,"minecraft:cooked_beef":3,"paraglider:paraglider":1,"sophisticatedbackpacks:backpack":1,"minecraft:crafting_table":1,"minecraft:wooden_pickaxe":1,"minecraft:air":573,"minecraft:oak_boat":1,"minecraft:charcoal":9,"minecraft:shield":1,"minecraft:stick":4,"minecraft:iron_ingot":20,"minecraft:wooden_axe":1},"minecraft:killed_by":{"bloodandmadness:cloaked_beast_patient":1,"minecraft:zombie_villager":2,"restored_earth:lobber_zombie":1,"minecraft:zombie":5,"simple_mobs:hobgob":1,"dannys_expansion:floam":1},"minecraft:mined":{"create:zinc_ore":10,"quark:dark_oak_bookshelf":3,"minecraft:potted_cactus":1,"immersive_weathering:birch_leaf_pile":10,"minecraft:ladder":1,"minecraft:grass_block":5,"minecraft:light_gray_bed":1,"minecraft:redstone_wire":11,"quark:orange_corundum_cluster":4,"goblinsanddungeons:urn":1,"comforts:sleeping_bag_white":2,"minecraft:hay_block":19,"untamedwilds:flora_yarrow":1,"quark:orange_corundum":8,"minecraft:iron_ore":20,"minecraft:andesite":6,"treechop:chopped_log":6,"minecraft:pointed_dripstone":8,"minecraft:lantern":1,"immersive_weathering:ivy":1,"minecraft:stone":324,"minecraft:white_wool":4,"immersive_weathering:oak_leaf_pile":12,"quark:violet_corundum":3,"immersive_weathering:quark/pink_blossom_leaf_pile":3,"quark:oak_chest":3,"minecraft:crafting_table":4,"untamedwilds:flora_bush_temperate":1,"minecraft:calcite":7,"minecraft:copper_ore":6,"minecraft:tall_grass":1,"minecraft:cobblestone":12,"minecraft:oak_planks":28,"minecraft:wall_torch":4,"minecraft:wheat":35,"ars_nouveau:archwood_planks":2,"minecraft:yellow_wool":4,"minecraft:tnt":2,"minecraft:grass":10,"minecraft:coal_ore":23,"minecraft:oak_log":1,"minecraft:gravel":1,"minecraft:dripstone_block":5,"minecraft:dirt":6,"minecraft:cobweb":3,"minecraft:polished_andesite":2,"minecraft:stone_bricks":4,"minecraft:mossy_stone_bricks":3,"minecraft:oak_leaves":4,"minecraft:infested_stone":2},"minecraft:picked_up":{"minecraft:wooden_axe":1,"minecraft:wheat":87,"minecraft:crafting_table":4,"quark:orange_corundum":8,"minecraft:ladder":1,"minecraft:flower_pot":1,"minecraft:yellow_wool":4,"minecraft:wooden_pickaxe":1,"minecraft:enchanted_book":7,"ars_nouveau:archwood_planks":2,"minecraft:string":2,"minecraft:raw_copper":22,"minecraft:wooden_sword":3,"minecraft:item_frame":2,"bloodandmadness:blood_vial":2,"comforts:sleeping_bag_white":9,"minecraft:beef":9,"minecraft:oak_boat":1,"minecraft:calcite":7,"minecraft:poppy":1,"minecraft:birch_sapling":7,"quark:orange_corundum_cluster":20,"minecraft:raw_iron":20,"minecraft:stick":32,"apotheosis:gem":5,"quark:violet_corundum":3,"untamedwilds:flora_common_reed":5,"minecraft:torch":5,"untamedwilds:flora_bush_temperate":2,"minecraft:porkchop":3,"minecraft:stone_button":1,"minecraft:pointed_dripstone":11,"minecraft:carrot":2,"minecraft:redstone":13,"bloodandmadness:beastblood_clump":1,"minecraft:tnt":2,"hexerei:sage_seed":4,"minecraft:rotten_flesh":78,"dannys_expansion:gel":24,"minecraft:arrow":27,"minecraft:cactus":1,"minecraft:light_gray_bed":1,"minecraft:stone_shovel":1,"minecraft:shears":1,"quark:violet_corundum_cluster":6,"minecraft:hay_block":19,"minecraft:gold_ingot":1,"minecraft:mutton":2,"untamedwilds:flora_yarrow":2,"bloodandmadness:blood_stone_shard":1,"minecraft:white_wool":6,"minecraft:cobblestone":333,"minecraft:birch_log":7,"minecraft:air":0,"minecraft:feather":1,"minecraft:andesite":10,"minecraft:leather":8,"minecraft:filled_map":1,"paraglider:spirit_orb":1,"create:raw_zinc":10,"minecraft:oak_log":50,"minecraft:gunpowder":3,"minecraft:dirt":5,"minecraft:lantern":1,"minecraft:bone":5,"minecraft:apple":2,"minecraft:stone_bricks":4,"minecraft:bow":1,"minecraft:wheat_seeds":221,"minecraft:rabbit_hide":1,"minecraft:iron_ingot":1,"dannys_expansion:yellow_spores":1,"minecraft:mossy_stone_bricks":3,"minecraft:glass_bottle":2,"minecraft:oak_planks":28,"minecraft:book":9,"hexerei:animal_fat":3,"paraglider:essence":1,"minecraft:gravel":1,"minecraft:dripstone_block":5,"simple_mobs:blighted_meat":3,"magistuarmory:rustedchainmail_leggings":1,"quark:oak_chest":3,"ars_nouveau:wilden_horn":1,"minecraft:polished_andesite":3,"minecraft:diamond":1,"magistuarmory:rustedcrusader_boots":1,"minecraft:emerald":2,"minecraft:bread":2,"minecraft:oak_sapling":31,"minecraft:coal":23},"minecraft:killed":{"minecraft:witch":2,"bloodandmadness:cloaked_beast_patient":1,"alexsmobs:raccoon":1,"minecraft:skeleton":4,"dannys_expansion:mundane_slime":24,"lilwings:red_applefly_butterfly":1,"restored_earth:viler_witch":1,"ars_nouveau:summon_wolf":2,"minecraft:silverfish":4,"restored_earth:bouldering_zombie":5,"minecraft:pig":2,"restored_earth:lobber_zombie":5,"dannys_expansion:floam":1,"minecraft:zombie_villager":18,"minecraft:rabbit":1,"dannys_expansion:ghoul":3,"minecraft:sheep":2,"minecraft:pillager":5,"minecraft:zombie":3,"simple_mobs:skeleton_demon":1,"ars_nouveau:wilden_stalker":2,"alexsmobs:crow":1,"ars_nouveau:wilden_hunter":2,"minecraft:cow":6},"minecraft:custom":{"lootr:looted_stat":27,"minecraft:mob_kills":103,"minecraft:animals_bred":4,"minecraft:inspect_hopper":1,"minecraft:interact_with_crafting_table":40,"minecraft:open_barrel":16,"minecraft:leave_game":8,"minecraft:time_since_death":108827,"minecraft:climb_one_cm":14509,"minecraft:sprint_one_cm":511985,"champions:champion_mobs_killed":79,"minecraft:walk_one_cm":1200233,"minecraft:damage_blocked_by_shield":2975,"minecraft:drop":44,"minecraft:damage_dealt_absorbed":402,"minecraft:talked_to_villager":1,"minecraft:play_time":300458,"minecraft:deaths":11,"minecraft:sneak_time":15449,"minecraft:walk_under_water_one_cm":11147,"minecraft:boat_one_cm":258921,"minecraft:interact_with_brewingstand":1,"minecraft:jump":3175,"minecraft:walk_on_water_one_cm":16754,"minecraft:total_world_time":300458,"minecraft:interact_with_furnace":15,"minecraft:tune_noteblock":1,"minecraft:pot_flower":1,"minecraft:sleep_in_bed":18,"minecraft:time_since_rest":7187,"minecraft:waystone_activated":1,"minecraft:damage_taken":6155,"minecraft:damage_absorbed":152,"minecraft:damage_dealt":3636,"minecraft:swim_one_cm":16406,"minecraft:fly_one_cm":240384,"minecraft:open_chest":14,"minecraft:crouch_one_cm":43054,"minecraft:fall_one_cm":55736,"minecraft:inspect_dispenser":2}},"DataVersion":2975}