{"stats":{"minecraft:broken":{"minecraft:leather_leggings":2,"minecraft:chainmail_helmet":1,"minecraft:leather_chestplate":1,"minecraft:wooden_pickaxe":1,"minecraft:shield":1,"minecraft:iron_sword":2,"magistuarmory:rustedchainmail_leggings":1},"minecraft:dropped":{"untamedwilds:flora_common_reed":2,"minecraft:iron_sword":1,"minecraft:wheat_seeds":595,"minecraft:baked_potato":18,"dannys_expansion:yellow_spores":1,"minecraft:cobblestone":1,"minecraft:book":2,"minecraft:apple":1,"quark:limestone":1,"minecraft:acacia_log":5,"minecraft:polished_andesite":1,"minecraft:dirt":115,"ars_nouveau:blue_archwood_sapling":30,"minecraft:wooden_axe":2,"minecraft:snowball":6,"minecraft:oak_stairs":1,"minecraft:golden_hoe":1,"dannys_expansion:gel":15,"minecraft:paper":10,"minecraft:dark_oak_planks":1,"minecraft:white_wool":1,"minecraft:bone":5,"minecraft:dandelion":6,"minecraft:stone_axe":1,"hexerei:animal_fat":2,"hexerei:sage_seed":12,"minecraft:stone_sword":3,"minecraft:bowl":1,"minecraft:wheat":1,"minecraft:birch_sapling":4,"minecraft:stone_shovel":2,"minecraft:rotten_flesh":23,"minecraft:filled_map":3,"minecraft:poppy":1,"minecraft:leather_chestplate":2,"minecraft:potato":1,"minecraft:beetroot_seeds":2,"minecraft:leather_boots":1,"apotheosis:gem":1,"minecraft:wooden_pickaxe":2,"minecraft:black_wool":3},"minecraft:used":{"minecraft:beetroot":2,"create:limestone":32,"minecraft:stone_sword":131,"minecraft:stone_shovel":111,"minecraft:ladder":2,"minecraft:shield":54,"minecraft:iron_sword":330,"minecraft:cooked_chicken":3,"minecraft:rotten_flesh":24,"ars_nouveau:archwood_slab":9,"minecraft:torch":31,"minecraft:dirt":29,"minecraft:carrot":42,"minecraft:snowball":3,"minecraft:wooden_axe":13,"dannys_expansion:workbench":1,"minecraft:lantern":2,"minecraft:iron_axe":170,"minecraft:stone_bricks":8,"minecraft:rabbit_stew":1,"quark:blossom_chest":17,"minecraft:bow":14,"minecraft:oak_sapling":9,"minecraft:furnace":4,"minecraft:cooked_beef":1,"minecraft:egg":4,"minecraft:potato":68,"quark:pink_blossom_sapling":2,"minecraft:cooked_mutton":2,"minecraft:leather_leggings":1,"ars_nouveau:blue_archwood_sapling":9,"minecraft:birch_planks":26,"minecraft:baked_potato":7,"minecraft:stone_pickaxe":82,"minecraft:oak_planks":132,"minecraft:wooden_pickaxe":71,"minecraft:leather_chestplate":1,"minecraft:leather_boots":1,"minecraft:cracked_stone_bricks":4,"minecraft:cookie":1,"immersive_weathering:mossy_stone":1,"minecraft:crafting_table":9,"ars_nouveau:archwood_planks":131,"minecraft:white_bed":3,"minecraft:apple":12,"minecraft:bread":88,"minecraft:iron_pickaxe":149,"minecraft:stone_axe":123,"minecraft:enchanted_book":1,"minecraft:cobblestone":89,"minecraft:andesite":9},"minecraft:crafted":{"minecraft:stone_shovel":1,"ars_nouveau:archwood_planks":128,"minecraft:cooked_chicken":3,"minecraft:furnace":3,"quark:blossom_chest":16,"ars_nouveau:archwood_slab":12,"minecraft:iron_boots":1,"minecraft:stone_pickaxe":2,"minecraft:cooked_beef":20,"blue_skies:blue_journal":1,"minecraft:crafting_table":2,"minecraft:iron_helmet":1,"minecraft:wooden_pickaxe":2,"minecraft:baked_potato":10,"minecraft:iron_sword":1,"minecraft:stone_axe":1,"minecraft:air":537,"minecraft:iron_chestplate":1,"minecraft:charcoal":43,"minecraft:shield":1,"minecraft:stick":8,"minecraft:iron_ingot":36,"minecraft:wooden_axe":1,"minecraft:stone_sword":2,"minecraft:iron_leggings":1,"minecraft:white_bed":1,"minecraft:torch":16,"dannys_expansion:workbench":1},"minecraft:killed_by":{"minecraft:zombie_villager":6,"simple_mobs:minotaur":2,"dannys_expansion:ghoul":1,"minecraft:skeleton":1,"minecraft:zombie":1,"humancompanions:archer":1},"minecraft:mined":{"minecraft:dark_oak_planks":1,"create:zinc_ore":13,"minecraft:white_bed":2,"minecraft:glow_lichen":2,"minecraft:ladder":2,"minecraft:grass_block":112,"minecraft:spruce_leaves":1,"quark:blossom_chest":1,"minecraft:furnace":1,"quark:pink_blossom_leaves":1,"minecraft:iron_ore":32,"immersive_weathering:mossy_stone":3,"minecraft:snow":8,"minecraft:andesite":9,"treechop:chopped_log":14,"minecraft:bookshelf":1,"minecraft:lantern":2,"minecraft:oak_stairs":1,"quark:limestone":1,"minecraft:stone":141,"create:veridium":5,"create:limestone":33,"immersive_weathering:oak_leaf_pile":2,"immersive_weathering:quark/pink_blossom_leaf_pile":28,"supplementaries:book_pile":1,"immersive_weathering:ars_nouveau/blue_archwood_leaf_pile":2,"minecraft:dandelion":3,"minecraft:crafting_table":6,"untamedwilds:flora_bush_temperate":1,"minecraft:poppy":1,"minecraft:tall_grass":18,"minecraft:copper_ore":22,"minecraft:cobblestone":7,"minecraft:sugar_cane":3,"minecraft:oak_planks":6,"minecraft:wall_torch":2,"ars_nouveau:blue_archwood_log":13,"minecraft:wheat":11,"minecraft:grass":34,"minecraft:coal_ore":4,"minecraft:oak_log":3,"minecraft:dirt":24,"minecraft:cobweb":33,"minecraft:cracked_stone_bricks":4,"minecraft:polished_andesite":2,"minecraft:stone_bricks":8,"minecraft:oak_leaves":3,"minecraft:infested_stone":5},"minecraft:picked_up":{"minecraft:wooden_axe":1,"minecraft:crafting_table":6,"minecraft:wheat":290,"minecraft:chicken":3,"minecraft:ladder":2,"minecraft:rabbit_stew":1,"minecraft:leather_leggings":1,"minecraft:wooden_pickaxe":1,"minecraft:oak_stairs":1,"ars_nouveau:blue_archwood_sapling":39,"minecraft:enchanted_book":3,"minecraft:shield":1,"epicfight:stray_pants":1,"create:limestone":33,"minecraft:string":34,"minecraft:raw_copper":76,"minecraft:experience_bottle":1,"minecraft:beetroot":2,"bloodandmadness:blood_vial":2,"minecraft:cracked_stone_bricks":4,"minecraft:beef":14,"minecraft:poppy":1,"minecraft:iron_pickaxe":1,"minecraft:sugar_cane":6,"minecraft:birch_sapling":4,"minecraft:furnace":1,"minecraft:egg":4,"minecraft:raw_iron":32,"minecraft:stick":26,"apotheosis:gem":5,"untamedwilds:flora_common_reed":2,"minecraft:torch":2,"untamedwilds:flora_bush_temperate":1,"ars_nouveau:blue_archwood_log":196,"quark:blossom_log":34,"quark:pink_blossom_sapling":2,"minecraft:cookie":1,"minecraft:carrot":27,"magistuarmory:rustedcrusader_chestplate":1,"minecraft:stone_shovel":1,"minecraft:dark_oak_planks":1,"hexerei:sage_seed":12,"dannys_expansion:gel":16,"minecraft:stone_sword":2,"minecraft:arrow":21,"minecraft:rotten_flesh":47,"minecraft:beetroot_seeds":2,"minecraft:golden_hoe":2,"restored_earth:rainbow_wool":1,"create:veridium":5,"quark:blossom_chest":1,"comforts:sleeping_bag_yellow":2,"minecraft:mutton":7,"minecraft:white_wool":4,"simple_mobs:lycanthrope_elixir":1,"minecraft:snowball":9,"minecraft:cobblestone":131,"minecraft:birch_log":11,"immersive_weathering:mossy_stone":1,"minecraft:leather_chestplate":1,"minecraft:air":0,"minecraft:feather":3,"minecraft:andesite":9,"minecraft:leather":2,"minecraft:potato":19,"ars_nouveau:wilden_wing":2,"minecraft:filled_map":1,"paraglider:spirit_orb":1,"create:raw_zinc":13,"minecraft:oak_log":49,"minecraft:chainmail_chestplate":1,"quark:limestone":1,"minecraft:dirt":144,"minecraft:paper":5,"minecraft:lantern":2,"minecraft:cooked_mutton":7,"minecraft:bone":9,"minecraft:apple":1,"minecraft:stone_bricks":8,"minecraft:bow":2,"minecraft:wheat_seeds":659,"minecraft:rabbit_hide":1,"dannys_expansion:yellow_spores":1,"minecraft:glowstone_dust":2,"minecraft:iron_sword":3,"minecraft:oak_planks":9,"minecraft:book":4,"hexerei:animal_fat":3,"minecraft:dandelion":6,"minecraft:white_bed":2,"simple_mobs:blighted_meat":7,"magistuarmory:rustedchainmail_leggings":3,"minecraft:polished_andesite":1,"minecraft:bread":1,"minecraft:chainmail_helmet":1,"minecraft:baked_potato":18,"minecraft:oak_sapling":11,"minecraft:black_wool":1,"minecraft:coal":4},"minecraft:killed":{"restored_earth:rainbow_sheep":1,"minecraft:witch":3,"alexsmobs:raccoon":1,"minecraft:spider":1,"alexsmobs:tasmanian_devil":1,"dannys_expansion:mundane_slime":17,"minecraft:skeleton":4,"humancompanions:archer":1,"minecraft:chicken":3,"ars_nouveau:summon_wolf":3,"minecraft:silverfish":4,"simple_mobs:darkwerewolf":1,"restored_earth:bouldering_zombie":11,"simple_mobs:minotaur":2,"restored_earth:lobber_zombie":9,"minecraft:zombie_villager":9,"dannys_expansion:floam":1,"minecraft:creeper":1,"dannys_expansion:ghoul":4,"minecraft:sheep":5,"minecraft:pillager":13,"tinyskeletons:baby_skeleton":1,"minecraft:zombie":5,"ars_nouveau:wilden_stalker":2,"minecraft:stray":1,"simple_mobs:gob":1,"ars_nouveau:wilden_hunter":1,"minecraft:cow":5},"minecraft:custom":{"lootr:looted_stat":19,"minecraft:mob_kills":118,"minecraft:interact_with_crafting_table":54,"minecraft:open_barrel":4,"minecraft:interact_with_campfire":7,"minecraft:bell_ring":5,"minecraft:damage_dealt_resisted":4,"minecraft:leave_game":8,"minecraft:time_since_death":19539,"minecraft:climb_one_cm":24004,"champions:champion_mobs_killed":90,"minecraft:sprint_one_cm":828518,"minecraft:walk_one_cm":1311207,"minecraft:damage_blocked_by_shield":4074,"minecraft:drop":105,"minecraft:damage_dealt_absorbed":412,"minecraft:talked_to_villager":1,"minecraft:play_time":322783,"minecraft:deaths":13,"minecraft:sneak_time":17070,"minecraft:walk_under_water_one_cm":18363,"minecraft:boat_one_cm":32855,"minecraft:jump":3961,"minecraft:walk_on_water_one_cm":27414,"minecraft:total_world_time":322783,"minecraft:interact_with_furnace":41,"minecraft:traded_with_villager":1,"minecraft:sleep_in_bed":6,"minecraft:time_since_rest":19696,"minecraft:waystone_activated":1,"minecraft:damage_taken":10728,"minecraft:damage_dealt":4381,"minecraft:swim_one_cm":69512,"minecraft:fly_one_cm":306281,"minecraft:open_chest":53,"minecraft:crouch_one_cm":36555,"minecraft:fall_one_cm":92748}},"DataVersion":2975}